senti,date,weight
NN,2020-07-01,86
NE,2020-07-01,25
ND,2020-07-01,6
PH,2020-07-01,100.5
PA,2020-07-01,35
PD,2020-07-01,46
NB,2020-07-01,13
PB,2020-07-01,32
PG,2020-07-01,44
NC,2020-07-01,-5
NH,2020-07-01,0
PC,2020-07-01,-5
NA,2020-07-01,4
PF,2020-07-01,5
PE,2020-07-01,9
PK,2020-07-01,25
NI,2020-07-01,17
NJ,2020-07-01,34
NG,2020-07-01,3
NK,2020-07-01,0
NL,2020-07-01,20
PH ,2020-07-01,0
NN,2020-06-30,63
NE,2020-06-30,-2
ND,2020-06-30,8
PH,2020-06-30,108.5
PA,2020-06-30,60
PD,2020-06-30,37
NB,2020-06-30,45
PB,2020-06-30,29
PG,2020-06-30,53
NC,2020-06-30,28
NH,2020-06-30,0
PC,2020-06-30,10
NA,2020-06-30,-2
PF,2020-06-30,13
PE,2020-06-30,30
PK,2020-06-30,69
NI,2020-06-30,0
NJ,2020-06-30,0
NG,2020-06-30,3
NK,2020-06-30,0
NL,2020-06-30,36
PH ,2020-06-30,0
NN,2020-06-29,101
NE,2020-06-29,11.5
ND,2020-06-29,29
PH,2020-06-29,158
PA,2020-06-29,100
PD,2020-06-29,70
NB,2020-06-29,10
PB,2020-06-29,18
PG,2020-06-29,51
NC,2020-06-29,45
NH,2020-06-29,7
PC,2020-06-29,5
NA,2020-06-29,-7
PF,2020-06-29,-1
PE,2020-06-29,52
PK,2020-06-29,65
NI,2020-06-29,13
NJ,2020-06-29,17
NG,2020-06-29,0
NK,2020-06-29,0
NL,2020-06-29,53
PH ,2020-06-29,0
NN,2020-06-28,48
NE,2020-06-28,3
ND,2020-06-28,6
PH,2020-06-28,94.0
PA,2020-06-28,80.5
PD,2020-06-28,23
NB,2020-06-28,39
PB,2020-06-28,22
PG,2020-06-28,51.5
NC,2020-06-28,36
NH,2020-06-28,-3
PC,2020-06-28,7
NA,2020-06-28,-3
PF,2020-06-28,0
PE,2020-06-28,-1
PK,2020-06-28,40
NI,2020-06-28,2
NJ,2020-06-28,0
NG,2020-06-28,1
NK,2020-06-28,0
NL,2020-06-28,3
PH ,2020-06-28,0
NN,2020-06-27,41
NE,2020-06-27,4
ND,2020-06-27,36
PH,2020-06-27,141
PA,2020-06-27,60
PD,2020-06-27,15
NB,2020-06-27,23
PB,2020-06-27,56
PG,2020-06-27,28
NC,2020-06-27,20
NH,2020-06-27,0
PC,2020-06-27,12
NA,2020-06-27,7
PF,2020-06-27,8
PE,2020-06-27,31
PK,2020-06-27,32
NI,2020-06-27,-5
NJ,2020-06-27,5
NG,2020-06-27,0
NK,2020-06-27,0
NL,2020-06-27,6
PH ,2020-06-27,0
NN,2020-06-26,37
NE,2020-06-26,16
ND,2020-06-26,4
PH,2020-06-26,14
PA,2020-06-26,34
PD,2020-06-26,0
NB,2020-06-26,14.5
PB,2020-06-26,19
PG,2020-06-26,29
NC,2020-06-26,55
NH,2020-06-26,0
PC,2020-06-26,0
NA,2020-06-26,0
PF,2020-06-26,0
PE,2020-06-26,6.5
PK,2020-06-26,22
NI,2020-06-26,1
NJ,2020-06-26,1
NG,2020-06-26,0
NK,2020-06-26,0
NL,2020-06-26,30
PH ,2020-06-26,0
NN,2020-06-25,47
NE,2020-06-25,11
ND,2020-06-25,0
PH,2020-06-25,112
PA,2020-06-25,79
PD,2020-06-25,65
NB,2020-06-25,0
PB,2020-06-25,9
PG,2020-06-25,41.5
NC,2020-06-25,58
NH,2020-06-25,0
PC,2020-06-25,10
NA,2020-06-25,7
PF,2020-06-25,0
PE,2020-06-25,35
PK,2020-06-25,17
NI,2020-06-25,16
NJ,2020-06-25,10
NG,2020-06-25,0
NK,2020-06-25,0
NL,2020-06-25,25
PH ,2020-06-25,0
NN,2020-06-24,33
NE,2020-06-24,6.5
ND,2020-06-24,7
PH,2020-06-24,117
PA,2020-06-24,48
PD,2020-06-24,20
NB,2020-06-24,8.5
PB,2020-06-24,15
PG,2020-06-24,10
NC,2020-06-24,24
NH,2020-06-24,0
PC,2020-06-24,5
NA,2020-06-24,27
PF,2020-06-24,5
PE,2020-06-24,27
PK,2020-06-24,45
NI,2020-06-24,5
NJ,2020-06-24,7
NG,2020-06-24,3
NK,2020-06-24,0
NL,2020-06-24,20
PH ,2020-06-24,0
NN,2020-06-23,114.5
NE,2020-06-23,8
ND,2020-06-23,15
PH,2020-06-23,171.0
PA,2020-06-23,79
PD,2020-06-23,36
NB,2020-06-23,3
PB,2020-06-23,21
PG,2020-06-23,55
NC,2020-06-23,17
NH,2020-06-23,0
PC,2020-06-23,0
NA,2020-06-23,3
PF,2020-06-23,0
PE,2020-06-23,7
PK,2020-06-23,54
NI,2020-06-23,5
NJ,2020-06-23,-6
NG,2020-06-23,0
NK,2020-06-23,0
NL,2020-06-23,35
PH ,2020-06-23,0
NN,2020-06-22,214.0
NE,2020-06-22,30
ND,2020-06-22,39
PH,2020-06-22,170
PA,2020-06-22,67.0
PD,2020-06-22,28
NB,2020-06-22,10
PB,2020-06-22,60
PG,2020-06-22,60
NC,2020-06-22,81
NH,2020-06-22,0
PC,2020-06-22,0
NA,2020-06-22,38
PF,2020-06-22,0
PE,2020-06-22,43
PK,2020-06-22,39.0
NI,2020-06-22,8
NJ,2020-06-22,5
NG,2020-06-22,0
NK,2020-06-22,0
NL,2020-06-22,67
PH ,2020-06-22,0
NN,2020-06-21,69.5
NE,2020-06-21,15
ND,2020-06-21,9.0
PH,2020-06-21,98
PA,2020-06-21,32
PD,2020-06-21,4
NB,2020-06-21,21
PB,2020-06-21,11
PG,2020-06-21,23
NC,2020-06-21,12
NH,2020-06-21,0
PC,2020-06-21,-3
NA,2020-06-21,5
PF,2020-06-21,14
PE,2020-06-21,23
PK,2020-06-21,32
NI,2020-06-21,0
NJ,2020-06-21,0
NG,2020-06-21,-9
NK,2020-06-21,0
NL,2020-06-21,55
PH ,2020-06-21,0
NN,2020-06-20,192.5
NE,2020-06-20,12
ND,2020-06-20,60
PH,2020-06-20,156
PA,2020-06-20,67
PD,2020-06-20,58
NB,2020-06-20,10
PB,2020-06-20,37
PG,2020-06-20,76
NC,2020-06-20,56
NH,2020-06-20,5
PC,2020-06-20,3
NA,2020-06-20,17
PF,2020-06-20,0
PE,2020-06-20,34
PK,2020-06-20,27
NI,2020-06-20,-5
NJ,2020-06-20,29
NG,2020-06-20,0
NK,2020-06-20,0
NL,2020-06-20,56
PH ,2020-06-20,0
NN,2020-06-19,109
NE,2020-06-19,-17
ND,2020-06-19,8
PH,2020-06-19,164.5
PA,2020-06-19,59
PD,2020-06-19,58.5
NB,2020-06-19,16
PB,2020-06-19,48
PG,2020-06-19,53
NC,2020-06-19,58.0
NH,2020-06-19,-9
PC,2020-06-19,11
NA,2020-06-19,14
PF,2020-06-19,3
PE,2020-06-19,42.5
PK,2020-06-19,20
NI,2020-06-19,10
NJ,2020-06-19,4.5
NG,2020-06-19,0
NK,2020-06-19,0
NL,2020-06-19,43
PH ,2020-06-19,0
NN,2020-06-18,181.0
NE,2020-06-18,14.5
ND,2020-06-18,30
PH,2020-06-18,201
PA,2020-06-18,72
PD,2020-06-18,47
NB,2020-06-18,5
PB,2020-06-18,50
PG,2020-06-18,126
NC,2020-06-18,45
NH,2020-06-18,-1.0
PC,2020-06-18,4
NA,2020-06-18,22
PF,2020-06-18,7
PE,2020-06-18,23
PK,2020-06-18,47
NI,2020-06-18,6
NJ,2020-06-18,0
NG,2020-06-18,-2.5
NK,2020-06-18,0
NL,2020-06-18,97
PH ,2020-06-18,0
NN,2020-06-17,139
NE,2020-06-17,33.5
ND,2020-06-17,6
PH,2020-06-17,248.5
PA,2020-06-17,58
PD,2020-06-17,80
NB,2020-06-17,23
PB,2020-06-17,72
PG,2020-06-17,81
NC,2020-06-17,108.5
NH,2020-06-17,5
PC,2020-06-17,7
NA,2020-06-17,28
PF,2020-06-17,4
PE,2020-06-17,49.5
PK,2020-06-17,77
NI,2020-06-17,0
NJ,2020-06-17,17
NG,2020-06-17,5
NK,2020-06-17,0
NL,2020-06-17,46
PH ,2020-06-17,0
NN,2020-06-16,89.5
NE,2020-06-16,37
ND,2020-06-16,23
PH,2020-06-16,203.5
PA,2020-06-16,46
PD,2020-06-16,40
NB,2020-06-16,30
PB,2020-06-16,69.5
PG,2020-06-16,107
NC,2020-06-16,59
NH,2020-06-16,0
PC,2020-06-16,6.5
NA,2020-06-16,32
PF,2020-06-16,10
PE,2020-06-16,12
PK,2020-06-16,27
NI,2020-06-16,4
NJ,2020-06-16,17
NG,2020-06-16,0
NK,2020-06-16,0
NL,2020-06-16,58
PH ,2020-06-16,0
NN,2020-06-15,195.5
NE,2020-06-15,56
ND,2020-06-15,40
PH,2020-06-15,164.0
PA,2020-06-15,68
PD,2020-06-15,34
NB,2020-06-15,12
PB,2020-06-15,30.5
PG,2020-06-15,102
NC,2020-06-15,132
NH,2020-06-15,7
PC,2020-06-15,26.5
NA,2020-06-15,24
PF,2020-06-15,2
PE,2020-06-15,73
PK,2020-06-15,90
NI,2020-06-15,10
NJ,2020-06-15,10
NG,2020-06-15,13
NK,2020-06-15,0
NL,2020-06-15,65
PH ,2020-06-15,0
NN,2020-06-14,107.5
NE,2020-06-14,58
ND,2020-06-14,10
PH,2020-06-14,215.5
PA,2020-06-14,64
PD,2020-06-14,7
NB,2020-06-14,50
PB,2020-06-14,15
PG,2020-06-14,191.5
NC,2020-06-14,122
NH,2020-06-14,3
PC,2020-06-14,13
NA,2020-06-14,33
PF,2020-06-14,9
PE,2020-06-14,27
PK,2020-06-14,26
NI,2020-06-14,7
NJ,2020-06-14,7
NG,2020-06-14,-1
NK,2020-06-14,0
NL,2020-06-14,63
PH ,2020-06-14,0
NN,2020-06-13,88.5
NE,2020-06-13,19
ND,2020-06-13,-6.5
PH,2020-06-13,121.0
PA,2020-06-13,38
PD,2020-06-13,11
NB,2020-06-13,1
PB,2020-06-13,14
PG,2020-06-13,62
NC,2020-06-13,60.5
NH,2020-06-13,20
PC,2020-06-13,0
NA,2020-06-13,14
PF,2020-06-13,0
PE,2020-06-13,9.5
PK,2020-06-13,27
NI,2020-06-13,0
NJ,2020-06-13,14
NG,2020-06-13,3
NK,2020-06-13,0
NL,2020-06-13,36.5
PH ,2020-06-13,0
NN,2020-06-12,116
NE,2020-06-12,49
ND,2020-06-12,82
PH,2020-06-12,130.5
PA,2020-06-12,59
PD,2020-06-12,10
NB,2020-06-12,17
PB,2020-06-12,25
PG,2020-06-12,95
NC,2020-06-12,82
NH,2020-06-12,0
PC,2020-06-12,9
NA,2020-06-12,0
PF,2020-06-12,11
PE,2020-06-12,40
PK,2020-06-12,43.5
NI,2020-06-12,7
NJ,2020-06-12,5
NG,2020-06-12,0
NK,2020-06-12,0
NL,2020-06-12,15
PH ,2020-06-12,0
NN,2020-06-11,42.0
NE,2020-06-11,25
ND,2020-06-11,53
PH,2020-06-11,127
PA,2020-06-11,52
PD,2020-06-11,21
NB,2020-06-11,17
PB,2020-06-11,23
PG,2020-06-11,24
NC,2020-06-11,50
NH,2020-06-11,0
PC,2020-06-11,19
NA,2020-06-11,49.5
PF,2020-06-11,4
PE,2020-06-11,-4
PK,2020-06-11,20
NI,2020-06-11,0
NJ,2020-06-11,23
NG,2020-06-11,0
NK,2020-06-11,0
NL,2020-06-11,45
PH ,2020-06-11,0
NN,2020-06-10,72.5
NE,2020-06-10,2
ND,2020-06-10,15
PH,2020-06-10,62
PA,2020-06-10,22
PD,2020-06-10,24
NB,2020-06-10,5
PB,2020-06-10,8
PG,2020-06-10,20
NC,2020-06-10,8
NH,2020-06-10,0
PC,2020-06-10,0
NA,2020-06-10,6
PF,2020-06-10,5
PE,2020-06-10,8
PK,2020-06-10,34
NI,2020-06-10,0
NJ,2020-06-10,0
NG,2020-06-10,0
NK,2020-06-10,0
NL,2020-06-10,3
PH ,2020-06-10,0
NN,2020-06-09,50
NE,2020-06-09,13
ND,2020-06-09,25
PH,2020-06-09,154.5
PA,2020-06-09,42
PD,2020-06-09,61.5
NB,2020-06-09,0
PB,2020-06-09,10
PG,2020-06-09,49
NC,2020-06-09,45
NH,2020-06-09,0
PC,2020-06-09,5
NA,2020-06-09,0
PF,2020-06-09,1
PE,2020-06-09,12
PK,2020-06-09,35
NI,2020-06-09,19
NJ,2020-06-09,14
NG,2020-06-09,0
NK,2020-06-09,0
NL,2020-06-09,42
PH ,2020-06-09,0
NN,2020-06-08,86.0
NE,2020-06-08,25
ND,2020-06-08,20.5
PH,2020-06-08,154.5
PA,2020-06-08,36
PD,2020-06-08,44
NB,2020-06-08,0
PB,2020-06-08,3
PG,2020-06-08,30
NC,2020-06-08,20
NH,2020-06-08,0
PC,2020-06-08,5
NA,2020-06-08,10
PF,2020-06-08,3
PE,2020-06-08,55
PK,2020-06-08,51
NI,2020-06-08,0
NJ,2020-06-08,5
NG,2020-06-08,3
NK,2020-06-08,0
NL,2020-06-08,34
PH ,2020-06-08,0
NN,2020-06-07,37
NE,2020-06-07,13
ND,2020-06-07,33
PH,2020-06-07,172.5
PA,2020-06-07,59
PD,2020-06-07,35.0
NB,2020-06-07,-9
PB,2020-06-07,33
PG,2020-06-07,5
NC,2020-06-07,9
NH,2020-06-07,8
PC,2020-06-07,10
NA,2020-06-07,14
PF,2020-06-07,7.5
PE,2020-06-07,8
PK,2020-06-07,12
NI,2020-06-07,7
NJ,2020-06-07,17
NG,2020-06-07,0
NK,2020-06-07,0
NL,2020-06-07,38
PH ,2020-06-07,0
NN,2020-06-06,31
NE,2020-06-06,3
ND,2020-06-06,0
PH,2020-06-06,38
PA,2020-06-06,14.5
PD,2020-06-06,3
NB,2020-06-06,11
PB,2020-06-06,20
PG,2020-06-06,-3
NC,2020-06-06,29
NH,2020-06-06,0
PC,2020-06-06,5
NA,2020-06-06,0
PF,2020-06-06,3
PE,2020-06-06,7
PK,2020-06-06,20
NI,2020-06-06,0
NJ,2020-06-06,0
NG,2020-06-06,0
NK,2020-06-06,0
NL,2020-06-06,34.5
PH ,2020-06-06,0
NN,2020-06-05,31.0
NE,2020-06-05,7
ND,2020-06-05,10
PH,2020-06-05,39
PA,2020-06-05,0
PD,2020-06-05,3
NB,2020-06-05,-3
PB,2020-06-05,2
PG,2020-06-05,10
NC,2020-06-05,1
NH,2020-06-05,5
PC,2020-06-05,0
NA,2020-06-05,1
PF,2020-06-05,0
PE,2020-06-05,7
PK,2020-06-05,5
NI,2020-06-05,0
NJ,2020-06-05,5
NG,2020-06-05,0
NK,2020-06-05,0
NL,2020-06-05,13
PH ,2020-06-05,0
NN,2020-06-04,42
NE,2020-06-04,5
ND,2020-06-04,26.5
PH,2020-06-04,77.5
PA,2020-06-04,28
PD,2020-06-04,12
NB,2020-06-04,21
PB,2020-06-04,5
PG,2020-06-04,10
NC,2020-06-04,15
NH,2020-06-04,6
PC,2020-06-04,0
NA,2020-06-04,14
PF,2020-06-04,5
PE,2020-06-04,21
PK,2020-06-04,5
NI,2020-06-04,0
NJ,2020-06-04,0
NG,2020-06-04,0
NK,2020-06-04,0
NL,2020-06-04,29
PH ,2020-06-04,0
NN,2020-06-03,57
NE,2020-06-03,5
ND,2020-06-03,5
PH,2020-06-03,21
PA,2020-06-03,18
PD,2020-06-03,10
NB,2020-06-03,0
PB,2020-06-03,8
PG,2020-06-03,15
NC,2020-06-03,50
NH,2020-06-03,0
PC,2020-06-03,5
NA,2020-06-03,22
PF,2020-06-03,0
PE,2020-06-03,16
PK,2020-06-03,10
NI,2020-06-03,-7
NJ,2020-06-03,7
NG,2020-06-03,0
NK,2020-06-03,0
NL,2020-06-03,15
PH ,2020-06-03,0
NN,2020-06-02,31
NE,2020-06-02,-2
ND,2020-06-02,7
PH,2020-06-02,23
PA,2020-06-02,17
PD,2020-06-02,0
NB,2020-06-02,0
PB,2020-06-02,5
PG,2020-06-02,6
NC,2020-06-02,39
NH,2020-06-02,7
PC,2020-06-02,5
NA,2020-06-02,7
PF,2020-06-02,0
PE,2020-06-02,23
PK,2020-06-02,12
NI,2020-06-02,7
NJ,2020-06-02,0
NG,2020-06-02,0
NK,2020-06-02,0
NL,2020-06-02,10
PH ,2020-06-02,0
NN,2020-06-01,57
NE,2020-06-01,11
ND,2020-06-01,15
PH,2020-06-01,77
PA,2020-06-01,29
PD,2020-06-01,26
NB,2020-06-01,6
PB,2020-06-01,38
PG,2020-06-01,5
NC,2020-06-01,73
NH,2020-06-01,0
PC,2020-06-01,0
NA,2020-06-01,9.5
PF,2020-06-01,18
PE,2020-06-01,-4
PK,2020-06-01,16
NI,2020-06-01,9
NJ,2020-06-01,7
NG,2020-06-01,0
NK,2020-06-01,0
NL,2020-06-01,18
PH ,2020-06-01,0
NN,2020-05-31,0
NE,2020-05-31,14
ND,2020-05-31,8
PH,2020-05-31,38
PA,2020-05-31,12
PD,2020-05-31,13
NB,2020-05-31,5
PB,2020-05-31,5
PG,2020-05-31,27
NC,2020-05-31,26
NH,2020-05-31,0
PC,2020-05-31,4
NA,2020-05-31,0
PF,2020-05-31,0
PE,2020-05-31,0
PK,2020-05-31,0
NI,2020-05-31,0
NJ,2020-05-31,0
NG,2020-05-31,3
NK,2020-05-31,0
NL,2020-05-31,5
PH ,2020-05-31,0
NN,2020-05-30,42
NE,2020-05-30,3
ND,2020-05-30,8
PH,2020-05-30,74
PA,2020-05-30,-4
PD,2020-05-30,24
NB,2020-05-30,9
PB,2020-05-30,28
PG,2020-05-30,28
NC,2020-05-30,27
NH,2020-05-30,5
PC,2020-05-30,0
NA,2020-05-30,0
PF,2020-05-30,0
PE,2020-05-30,0
PK,2020-05-30,10
NI,2020-05-30,0
NJ,2020-05-30,0
NG,2020-05-30,0
NK,2020-05-30,0
NL,2020-05-30,17
PH ,2020-05-30,0
NN,2020-05-29,19
NE,2020-05-29,0
ND,2020-05-29,5
PH,2020-05-29,64
PA,2020-05-29,9
PD,2020-05-29,0
NB,2020-05-29,0
PB,2020-05-29,7
PG,2020-05-29,0
NC,2020-05-29,2
NH,2020-05-29,0
PC,2020-05-29,0
NA,2020-05-29,0
PF,2020-05-29,0
PE,2020-05-29,3
PK,2020-05-29,5
NI,2020-05-29,0
NJ,2020-05-29,5
NG,2020-05-29,0
NK,2020-05-29,0
NL,2020-05-29,0
PH ,2020-05-29,0
NN,2020-05-28,32.0
NE,2020-05-28,15
ND,2020-05-28,8
PH,2020-05-28,28
PA,2020-05-28,13
PD,2020-05-28,15.5
NB,2020-05-28,8
PB,2020-05-28,3
PG,2020-05-28,29
NC,2020-05-28,15
NH,2020-05-28,5
PC,2020-05-28,0
NA,2020-05-28,-7
PF,2020-05-28,0
PE,2020-05-28,3
PK,2020-05-28,42
NI,2020-05-28,0
NJ,2020-05-28,0
NG,2020-05-28,0
NK,2020-05-28,0
NL,2020-05-28,15
PH ,2020-05-28,0
NN,2020-05-27,1
NE,2020-05-27,-5
ND,2020-05-27,0
PH,2020-05-27,43
PA,2020-05-27,0
PD,2020-05-27,5
NB,2020-05-27,-1
PB,2020-05-27,3
PG,2020-05-27,10
NC,2020-05-27,7
NH,2020-05-27,0
PC,2020-05-27,0
NA,2020-05-27,0
PF,2020-05-27,0
PE,2020-05-27,0
PK,2020-05-27,5
NI,2020-05-27,0
NJ,2020-05-27,11
NG,2020-05-27,0
NK,2020-05-27,0
NL,2020-05-27,0
PH ,2020-05-27,0
NN,2020-05-26,69.5
NE,2020-05-26,8
ND,2020-05-26,49
PH,2020-05-26,67.0
PA,2020-05-26,31
PD,2020-05-26,43
NB,2020-05-26,32
PB,2020-05-26,40
PG,2020-05-26,62
NC,2020-05-26,55
NH,2020-05-26,5
PC,2020-05-26,0
NA,2020-05-26,0
PF,2020-05-26,0
PE,2020-05-26,13
PK,2020-05-26,19
NI,2020-05-26,14
NJ,2020-05-26,23
NG,2020-05-26,3
NK,2020-05-26,0
NL,2020-05-26,12
PH ,2020-05-26,0
NN,2020-05-25,48
NE,2020-05-25,5
ND,2020-05-25,5
PH,2020-05-25,28.5
PA,2020-05-25,7
PD,2020-05-25,10
NB,2020-05-25,7
PB,2020-05-25,25
PG,2020-05-25,14
NC,2020-05-25,12.5
NH,2020-05-25,0
PC,2020-05-25,20
NA,2020-05-25,7
PF,2020-05-25,0
PE,2020-05-25,3
PK,2020-05-25,10
NI,2020-05-25,0
NJ,2020-05-25,0
NG,2020-05-25,0
NK,2020-05-25,0
NL,2020-05-25,29.5
PH ,2020-05-25,0
NN,2020-05-24,80
NE,2020-05-24,2.5
ND,2020-05-24,45.5
PH,2020-05-24,87.0
PA,2020-05-24,40
PD,2020-05-24,16
NB,2020-05-24,3
PB,2020-05-24,-5
PG,2020-05-24,16
NC,2020-05-24,45
NH,2020-05-24,0
PC,2020-05-24,5
NA,2020-05-24,-7
PF,2020-05-24,0
PE,2020-05-24,14
PK,2020-05-24,2
NI,2020-05-24,0
NJ,2020-05-24,0
NG,2020-05-24,0
NK,2020-05-24,0
NL,2020-05-24,21
PH ,2020-05-24,0
NN,2020-05-23,55
NE,2020-05-23,15
ND,2020-05-23,-2
PH,2020-05-23,83
PA,2020-05-23,29
PD,2020-05-23,33
NB,2020-05-23,12
PB,2020-05-23,5
PG,2020-05-23,40
NC,2020-05-23,19
NH,2020-05-23,0
PC,2020-05-23,5
NA,2020-05-23,5
PF,2020-05-23,0
PE,2020-05-23,3
PK,2020-05-23,0
NI,2020-05-23,7
NJ,2020-05-23,7
NG,2020-05-23,0
NK,2020-05-23,0
NL,2020-05-23,25
PH ,2020-05-23,0
NN,2020-05-22,32
NE,2020-05-22,0
ND,2020-05-22,-4.0
PH,2020-05-22,91.5
PA,2020-05-22,16
PD,2020-05-22,46
NB,2020-05-22,0
PB,2020-05-22,34
PG,2020-05-22,40
NC,2020-05-22,30.5
NH,2020-05-22,5
PC,2020-05-22,5
NA,2020-05-22,0
PF,2020-05-22,5.5
PE,2020-05-22,3
PK,2020-05-22,20
NI,2020-05-22,0
NJ,2020-05-22,0
NG,2020-05-22,0
NK,2020-05-22,0
NL,2020-05-22,0
PH ,2020-05-22,0
NN,2020-05-21,33
NE,2020-05-21,34.5
ND,2020-05-21,5
PH,2020-05-21,191.5
PA,2020-05-21,30
PD,2020-05-21,45
NB,2020-05-21,37
PB,2020-05-21,23
PG,2020-05-21,91
NC,2020-05-21,0
NH,2020-05-21,0
PC,2020-05-21,5
NA,2020-05-21,14
PF,2020-05-21,7
PE,2020-05-21,17
PK,2020-05-21,20
NI,2020-05-21,8
NJ,2020-05-21,-5
NG,2020-05-21,0
NK,2020-05-21,0
NL,2020-05-21,33
PH ,2020-05-21,0
NN,2020-05-20,27
NE,2020-05-20,0
ND,2020-05-20,16
PH,2020-05-20,132
PA,2020-05-20,60
PD,2020-05-20,45
NB,2020-05-20,15
PB,2020-05-20,60
PG,2020-05-20,8
NC,2020-05-20,31
NH,2020-05-20,0
PC,2020-05-20,5
NA,2020-05-20,0
PF,2020-05-20,7
PE,2020-05-20,14
PK,2020-05-20,100
NI,2020-05-20,0
NJ,2020-05-20,12
NG,2020-05-20,0
NK,2020-05-20,14
NL,2020-05-20,0
PH ,2020-05-20,0
NN,2020-05-19,75
NE,2020-05-19,5
ND,2020-05-19,24
PH,2020-05-19,88
PA,2020-05-19,79
PD,2020-05-19,5
NB,2020-05-19,9
PB,2020-05-19,15
PG,2020-05-19,22
NC,2020-05-19,16
NH,2020-05-19,5
PC,2020-05-19,13
NA,2020-05-19,14
PF,2020-05-19,19
PE,2020-05-19,10
PK,2020-05-19,52
NI,2020-05-19,-3
NJ,2020-05-19,7
NG,2020-05-19,0
NK,2020-05-19,0
NL,2020-05-19,10
PH ,2020-05-19,0
NN,2020-05-18,46
NE,2020-05-18,0
ND,2020-05-18,22.5
PH,2020-05-18,116
PA,2020-05-18,18
PD,2020-05-18,13
NB,2020-05-18,21
PB,2020-05-18,22
PG,2020-05-18,28
NC,2020-05-18,48
NH,2020-05-18,0
PC,2020-05-18,6
NA,2020-05-18,5
PF,2020-05-18,5
PE,2020-05-18,15
PK,2020-05-18,51.5
NI,2020-05-18,7
NJ,2020-05-18,0
NG,2020-05-18,0
NK,2020-05-18,0
NL,2020-05-18,30
PH ,2020-05-18,0
NN,2020-01-26,309.0
NE,2020-01-26,84
ND,2020-01-26,98
PH,2020-01-26,390.5
PA,2020-01-26,175.0
PD,2020-01-26,55
NB,2020-01-26,84
PB,2020-01-26,158
PG,2020-01-26,247.5
NC,2020-01-26,227.5
NH,2020-01-26,33
PC,2020-01-26,22
NA,2020-01-26,38
PF,2020-01-26,2
PE,2020-01-26,186.5
PK,2020-01-26,90
NI,2020-01-26,85
NJ,2020-01-26,43
NG,2020-01-26,6
NK,2020-01-26,0
NL,2020-01-26,258
PH ,2020-01-26,0
NN,2020-05-17,103
NE,2020-05-17,39
ND,2020-05-17,40
PH,2020-05-17,133
PA,2020-05-17,87
PD,2020-05-17,5
NB,2020-05-17,37.5
PB,2020-05-17,55
PG,2020-05-17,86
NC,2020-05-17,36.5
NH,2020-05-17,0
PC,2020-05-17,16
NA,2020-05-17,36
PF,2020-05-17,4
PE,2020-05-17,43
PK,2020-05-17,88
NI,2020-05-17,1
NJ,2020-05-17,17
NG,2020-05-17,9
NK,2020-05-17,0
NL,2020-05-17,23
PH ,2020-05-17,0
NN,2020-05-16,86.5
NE,2020-05-16,17
ND,2020-05-16,35.5
PH,2020-05-16,107
PA,2020-05-16,35
PD,2020-05-16,25
NB,2020-05-16,12
PB,2020-05-16,-21.5
PG,2020-05-16,29
NC,2020-05-16,50.5
NH,2020-05-16,0
PC,2020-05-16,5
NA,2020-05-16,0
PF,2020-05-16,0
PE,2020-05-16,6
PK,2020-05-16,25
NI,2020-05-16,0
NJ,2020-05-16,0
NG,2020-05-16,7
NK,2020-05-16,0
NL,2020-05-16,32
PH ,2020-05-16,0
NN,2020-05-15,134.0
NE,2020-05-15,15
ND,2020-05-15,93
PH,2020-05-15,164.0
PA,2020-05-15,103
PD,2020-05-15,50
NB,2020-05-15,42
PB,2020-05-15,38
PG,2020-05-15,123
NC,2020-05-15,56
NH,2020-05-15,-3
PC,2020-05-15,7
NA,2020-05-15,1.5
PF,2020-05-15,0
PE,2020-05-15,22
PK,2020-05-15,47
NI,2020-05-15,0
NJ,2020-05-15,7
NG,2020-05-15,10
NK,2020-05-15,0
NL,2020-05-15,17
PH ,2020-05-15,0
NN,2020-05-14,108
NE,2020-05-14,5
ND,2020-05-14,48
PH,2020-05-14,121
PA,2020-05-14,51
PD,2020-05-14,36
NB,2020-05-14,13
PB,2020-05-14,30
PG,2020-05-14,25
NC,2020-05-14,38
NH,2020-05-14,0
PC,2020-05-14,5
NA,2020-05-14,0
PF,2020-05-14,0
PE,2020-05-14,15
PK,2020-05-14,10
NI,2020-05-14,0
NJ,2020-05-14,7
NG,2020-05-14,0
NK,2020-05-14,0
NL,2020-05-14,31
PH ,2020-05-14,0
NN,2020-05-13,104.5
NE,2020-05-13,26.5
ND,2020-05-13,3
PH,2020-05-13,187.5
PA,2020-05-13,83
PD,2020-05-13,21
NB,2020-05-13,29
PB,2020-05-13,36
PG,2020-05-13,44
NC,2020-05-13,40.5
NH,2020-05-13,7.5
PC,2020-05-13,18
NA,2020-05-13,5
PF,2020-05-13,8
PE,2020-05-13,9
PK,2020-05-13,63
NI,2020-05-13,16
NJ,2020-05-13,12
NG,2020-05-13,12
NK,2020-05-13,0
NL,2020-05-13,21
PH ,2020-05-13,0
NN,2020-05-12,33.5
NE,2020-05-12,22
ND,2020-05-12,29
PH,2020-05-12,133
PA,2020-05-12,11.5
PD,2020-05-12,80
NB,2020-05-12,3
PB,2020-05-12,17
PG,2020-05-12,73
NC,2020-05-12,31
NH,2020-05-12,3
PC,2020-05-12,10
NA,2020-05-12,0
PF,2020-05-12,0
PE,2020-05-12,18
PK,2020-05-12,20
NI,2020-05-12,5
NJ,2020-05-12,8.5
NG,2020-05-12,0
NK,2020-05-12,0
NL,2020-05-12,40
PH ,2020-05-12,0
NN,2020-05-11,177
NE,2020-05-11,0
ND,2020-05-11,61
PH,2020-05-11,266.0
PA,2020-05-11,61
PD,2020-05-11,72
NB,2020-05-11,19
PB,2020-05-11,8
PG,2020-05-11,61
NC,2020-05-11,5
NH,2020-05-11,-9
PC,2020-05-11,15
NA,2020-05-11,-2
PF,2020-05-11,0
PE,2020-05-11,-7
PK,2020-05-11,19
NI,2020-05-11,5
NJ,2020-05-11,0
NG,2020-05-11,0
NK,2020-05-11,0
NL,2020-05-11,64.5
PH ,2020-05-11,0
NN,2020-05-10,277.5
NE,2020-05-10,8
ND,2020-05-10,73
PH,2020-05-10,236
PA,2020-05-10,94
PD,2020-05-10,88
NB,2020-05-10,6
PB,2020-05-10,63
PG,2020-05-10,82
NC,2020-05-10,57
NH,2020-05-10,0
PC,2020-05-10,13
NA,2020-05-10,11
PF,2020-05-10,2
PE,2020-05-10,28
PK,2020-05-10,28
NI,2020-05-10,5
NJ,2020-05-10,12
NG,2020-05-10,8
NK,2020-05-10,0
NL,2020-05-10,54.0
PH ,2020-05-10,0
NN,2020-05-09,53
NE,2020-05-09,27
ND,2020-05-09,-6
PH,2020-05-09,141
PA,2020-05-09,63
PD,2020-05-09,30
NB,2020-05-09,28
PB,2020-05-09,31
PG,2020-05-09,18
NC,2020-05-09,63
NH,2020-05-09,16
PC,2020-05-09,17
NA,2020-05-09,14
PF,2020-05-09,4
PE,2020-05-09,10
PK,2020-05-09,60
NI,2020-05-09,7
NJ,2020-05-09,17
NG,2020-05-09,0
NK,2020-05-09,0
NL,2020-05-09,20
PH ,2020-05-09,0
NN,2020-05-08,148
NE,2020-05-08,10
ND,2020-05-08,8
PH,2020-05-08,94.5
PA,2020-05-08,33
PD,2020-05-08,5
NB,2020-05-08,-1
PB,2020-05-08,14.5
PG,2020-05-08,69
NC,2020-05-08,58.5
NH,2020-05-08,10
PC,2020-05-08,0
NA,2020-05-08,12
PF,2020-05-08,0.5
PE,2020-05-08,15
PK,2020-05-08,51
NI,2020-05-08,5
NJ,2020-05-08,7
NG,2020-05-08,0
NK,2020-05-08,0
NL,2020-05-08,25
PH ,2020-05-08,0
NN,2020-05-07,66.5
NE,2020-05-07,22
ND,2020-05-07,45
PH,2020-05-07,181.5
PA,2020-05-07,48
PD,2020-05-07,62
NB,2020-05-07,12
PB,2020-05-07,36.5
PG,2020-05-07,30
NC,2020-05-07,54
NH,2020-05-07,3
PC,2020-05-07,0
NA,2020-05-07,7
PF,2020-05-07,1
PE,2020-05-07,29
PK,2020-05-07,5
NI,2020-05-07,8
NJ,2020-05-07,0
NG,2020-05-07,0
NK,2020-05-07,0
NL,2020-05-07,30
PH ,2020-05-07,0
NN,2020-05-06,65
NE,2020-05-06,26
ND,2020-05-06,39
PH,2020-05-06,110
PA,2020-05-06,21
PD,2020-05-06,16
NB,2020-05-06,-5
PB,2020-05-06,11
PG,2020-05-06,75
NC,2020-05-06,21
NH,2020-05-06,7
PC,2020-05-06,0
NA,2020-05-06,0
PF,2020-05-06,3
PE,2020-05-06,6
PK,2020-05-06,13
NI,2020-05-06,3
NJ,2020-05-06,1
NG,2020-05-06,3
NK,2020-05-06,0
NL,2020-05-06,43.5
PH ,2020-05-06,0
NN,2020-05-05,80
NE,2020-05-05,4
ND,2020-05-05,10
PH,2020-05-05,76.5
PA,2020-05-05,40
PD,2020-05-05,18
NB,2020-05-05,12
PB,2020-05-05,18
PG,2020-05-05,15
NC,2020-05-05,33
NH,2020-05-05,1
PC,2020-05-05,0
NA,2020-05-05,7
PF,2020-05-05,0
PE,2020-05-05,7
PK,2020-05-05,4
NI,2020-05-05,0
NJ,2020-05-05,0
NG,2020-05-05,0
NK,2020-05-05,0
NL,2020-05-05,40
PH ,2020-05-05,0
NN,2020-05-04,196
NE,2020-05-04,14.5
ND,2020-05-04,42
PH,2020-05-04,237.5
PA,2020-05-04,143
PD,2020-05-04,66
NB,2020-05-04,46
PB,2020-05-04,10
PG,2020-05-04,46.5
NC,2020-05-04,20.5
NH,2020-05-04,9.5
PC,2020-05-04,15
NA,2020-05-04,17
PF,2020-05-04,2
PE,2020-05-04,22
PK,2020-05-04,69
NI,2020-05-04,-5
NJ,2020-05-04,30
NG,2020-05-04,2
NK,2020-05-04,0
NL,2020-05-04,24
PH ,2020-05-04,0
NN,2020-05-03,179.0
NE,2020-05-03,51
ND,2020-05-03,75
PH,2020-05-03,254
PA,2020-05-03,61
PD,2020-05-03,132
NB,2020-05-03,25
PB,2020-05-03,53
PG,2020-05-03,80
NC,2020-05-03,94
NH,2020-05-03,3
PC,2020-05-03,17
NA,2020-05-03,28
PF,2020-05-03,8
PE,2020-05-03,33
PK,2020-05-03,35
NI,2020-05-03,5
NJ,2020-05-03,0
NG,2020-05-03,0
NK,2020-05-03,0
NL,2020-05-03,33.5
PH ,2020-05-03,0
NN,2020-05-02,143.5
NE,2020-05-02,27
ND,2020-05-02,26
PH,2020-05-02,216.0
PA,2020-05-02,45
PD,2020-05-02,46
NB,2020-05-02,34
PB,2020-05-02,12.5
PG,2020-05-02,31
NC,2020-05-02,37.5
NH,2020-05-02,19
PC,2020-05-02,7
NA,2020-05-02,19
PF,2020-05-02,0
PE,2020-05-02,41
PK,2020-05-02,16
NI,2020-05-02,11
NJ,2020-05-02,17
NG,2020-05-02,0
NK,2020-05-02,0
NL,2020-05-02,25
PH ,2020-05-02,0
NN,2020-05-01,29.5
NE,2020-05-01,-3.5
ND,2020-05-01,35
PH,2020-05-01,191
PA,2020-05-01,41.5
PD,2020-05-01,90
NB,2020-05-01,11
PB,2020-05-01,25
PG,2020-05-01,15
NC,2020-05-01,8
NH,2020-05-01,5
PC,2020-05-01,10
NA,2020-05-01,7
PF,2020-05-01,11
PE,2020-05-01,14
PK,2020-05-01,39
NI,2020-05-01,3
NJ,2020-05-01,17
NG,2020-05-01,14
NK,2020-05-01,0
NL,2020-05-01,24
PH ,2020-05-01,0
NN,2020-04-30,257.5
NE,2020-04-30,39
ND,2020-04-30,155
PH,2020-04-30,178.5
PA,2020-04-30,46
PD,2020-04-30,55
NB,2020-04-30,23
PB,2020-04-30,30.5
PG,2020-04-30,59
NC,2020-04-30,89
NH,2020-04-30,0
PC,2020-04-30,29
NA,2020-04-30,-3
PF,2020-04-30,0
PE,2020-04-30,11
PK,2020-04-30,55
NI,2020-04-30,22
NJ,2020-04-30,-4
NG,2020-04-30,0
NK,2020-04-30,0
NL,2020-04-30,48
PH ,2020-04-30,0
NN,2020-04-29,55
NE,2020-04-29,10
ND,2020-04-29,8
PH,2020-04-29,168
PA,2020-04-29,46
PD,2020-04-29,113
NB,2020-04-29,7
PB,2020-04-29,58
PG,2020-04-29,54
NC,2020-04-29,22
NH,2020-04-29,0
PC,2020-04-29,0
NA,2020-04-29,16
PF,2020-04-29,1
PE,2020-04-29,44
PK,2020-04-29,60
NI,2020-04-29,0
NJ,2020-04-29,14
NG,2020-04-29,0
NK,2020-04-29,0
NL,2020-04-29,5
PH ,2020-04-29,0
NN,2020-04-28,130
NE,2020-04-28,34
ND,2020-04-28,42
PH,2020-04-28,148.5
PA,2020-04-28,51
PD,2020-04-28,26
NB,2020-04-28,55
PB,2020-04-28,103.0
PG,2020-04-28,29
NC,2020-04-28,52
NH,2020-04-28,-7
PC,2020-04-28,4
NA,2020-04-28,17
PF,2020-04-28,0
PE,2020-04-28,20
PK,2020-04-28,84
NI,2020-04-28,-2
NJ,2020-04-28,19
NG,2020-04-28,-3
NK,2020-04-28,0
NL,2020-04-28,48
PH ,2020-04-28,0
NN,2020-04-27,141
NE,2020-04-27,10
ND,2020-04-27,38
PH,2020-04-27,252.0
PA,2020-04-27,16
PD,2020-04-27,51
NB,2020-04-27,26
PB,2020-04-27,35
PG,2020-04-27,50
NC,2020-04-27,11
NH,2020-04-27,0
PC,2020-04-27,0
NA,2020-04-27,11
PF,2020-04-27,5
PE,2020-04-27,72
PK,2020-04-27,64
NI,2020-04-27,12
NJ,2020-04-27,10
NG,2020-04-27,0
NK,2020-04-27,0
NL,2020-04-27,34
PH ,2020-04-27,0
NN,2020-04-26,114.0
NE,2020-04-26,23
ND,2020-04-26,39
PH,2020-04-26,124.5
PA,2020-04-26,156
PD,2020-04-26,35
NB,2020-04-26,23
PB,2020-04-26,37
PG,2020-04-26,8
NC,2020-04-26,12
NH,2020-04-26,0
PC,2020-04-26,8
NA,2020-04-26,0
PF,2020-04-26,1
PE,2020-04-26,7
PK,2020-04-26,29
NI,2020-04-26,3
NJ,2020-04-26,0
NG,2020-04-26,0
NK,2020-04-26,0
NL,2020-04-26,19
PH ,2020-04-26,0
NN,2020-04-25,102
NE,2020-04-25,33
ND,2020-04-25,29
PH,2020-04-25,183.5
PA,2020-04-25,65
PD,2020-04-25,7
NB,2020-04-25,17
PB,2020-04-25,51.5
PG,2020-04-25,77
NC,2020-04-25,48
NH,2020-04-25,-3
PC,2020-04-25,15
NA,2020-04-25,17
PF,2020-04-25,7
PE,2020-04-25,0
PK,2020-04-25,68
NI,2020-04-25,5
NJ,2020-04-25,24
NG,2020-04-25,0
NK,2020-04-25,0
NL,2020-04-25,80
PH ,2020-04-25,0
NN,2020-04-24,64
NE,2020-04-24,23
ND,2020-04-24,40
PH,2020-04-24,145.5
PA,2020-04-24,9
PD,2020-04-24,36
NB,2020-04-24,3
PB,2020-04-24,12
PG,2020-04-24,67
NC,2020-04-24,35.5
NH,2020-04-24,0
PC,2020-04-24,0
NA,2020-04-24,14
PF,2020-04-24,2
PE,2020-04-24,57
PK,2020-04-24,37
NI,2020-04-24,13
NJ,2020-04-24,7
NG,2020-04-24,0
NK,2020-04-24,0
NL,2020-04-24,35
PH ,2020-04-24,0
NN,2020-04-23,106
NE,2020-04-23,29
ND,2020-04-23,17
PH,2020-04-23,79.5
PA,2020-04-23,11
PD,2020-04-23,26
NB,2020-04-23,14
PB,2020-04-23,10
PG,2020-04-23,54
NC,2020-04-23,20
NH,2020-04-23,0
PC,2020-04-23,5
NA,2020-04-23,7
PF,2020-04-23,0
PE,2020-04-23,17
PK,2020-04-23,20
NI,2020-04-23,0
NJ,2020-04-23,12
NG,2020-04-23,0
NK,2020-04-23,0
NL,2020-04-23,12
PH ,2020-04-23,0
NN,2020-04-22,129.5
NE,2020-04-22,20
ND,2020-04-22,50.5
PH,2020-04-22,67.5
PA,2020-04-22,19
PD,2020-04-22,21.5
NB,2020-04-22,22
PB,2020-04-22,25
PG,2020-04-22,113
NC,2020-04-22,16
NH,2020-04-22,0
PC,2020-04-22,15
NA,2020-04-22,0
PF,2020-04-22,0
PE,2020-04-22,0
PK,2020-04-22,10
NI,2020-04-22,0
NJ,2020-04-22,14
NG,2020-04-22,0
NK,2020-04-22,0
NL,2020-04-22,50.5
PH ,2020-04-22,0
NN,2020-04-21,55.0
NE,2020-04-21,-3
ND,2020-04-21,17
PH,2020-04-21,85.5
PA,2020-04-21,46
PD,2020-04-21,5
NB,2020-04-21,13
PB,2020-04-21,44
PG,2020-04-21,14
NC,2020-04-21,5
NH,2020-04-21,7
PC,2020-04-21,11
NA,2020-04-21,0
PF,2020-04-21,2
PE,2020-04-21,23.5
PK,2020-04-21,41
NI,2020-04-21,21
NJ,2020-04-21,0
NG,2020-04-21,0
NK,2020-04-21,0
NL,2020-04-21,47
PH ,2020-04-21,0
NN,2020-04-20,54
NE,2020-04-20,32.5
ND,2020-04-20,36
PH,2020-04-20,25
PA,2020-04-20,63
PD,2020-04-20,0
NB,2020-04-20,7
PB,2020-04-20,-5
PG,2020-04-20,12
NC,2020-04-20,-2
NH,2020-04-20,5
PC,2020-04-20,0
NA,2020-04-20,0
PF,2020-04-20,0
PE,2020-04-20,14
PK,2020-04-20,10
NI,2020-04-20,8
NJ,2020-04-20,5
NG,2020-04-20,0
NK,2020-04-20,0
NL,2020-04-20,23
PH ,2020-04-20,0
NN,2020-04-19,33.5
NE,2020-04-19,33
ND,2020-04-19,8
PH,2020-04-19,131
PA,2020-04-19,93
PD,2020-04-19,15
NB,2020-04-19,14
PB,2020-04-19,14
PG,2020-04-19,20.5
NC,2020-04-19,15.5
NH,2020-04-19,0
PC,2020-04-19,5
NA,2020-04-19,0
PF,2020-04-19,0
PE,2020-04-19,8
PK,2020-04-19,68
NI,2020-04-19,0
NJ,2020-04-19,9
NG,2020-04-19,0
NK,2020-04-19,0
NL,2020-04-19,33
PH ,2020-04-19,0
NN,2020-04-18,78.0
NE,2020-04-18,13.5
ND,2020-04-18,10
PH,2020-04-18,155
PA,2020-04-18,46
PD,2020-04-18,69
NB,2020-04-18,38
PB,2020-04-18,5
PG,2020-04-18,69
NC,2020-04-18,44
NH,2020-04-18,3
PC,2020-04-18,0
NA,2020-04-18,0
PF,2020-04-18,-1
PE,2020-04-18,40
PK,2020-04-18,32
NI,2020-04-18,15.5
NJ,2020-04-18,7
NG,2020-04-18,0
NK,2020-04-18,0
NL,2020-04-18,20
PH ,2020-04-18,0
NN,2020-04-17,118
NE,2020-04-17,3
ND,2020-04-17,14
PH,2020-04-17,140
PA,2020-04-17,20
PD,2020-04-17,22
NB,2020-04-17,34
PB,2020-04-17,17
PG,2020-04-17,29
NC,2020-04-17,38
NH,2020-04-17,5
PC,2020-04-17,6
NA,2020-04-17,8
PF,2020-04-17,2
PE,2020-04-17,1
PK,2020-04-17,29
NI,2020-04-17,0
NJ,2020-04-17,0
NG,2020-04-17,3
NK,2020-04-17,0
NL,2020-04-17,74
PH ,2020-04-17,0
NN,2020-04-16,80.5
NE,2020-04-16,22
ND,2020-04-16,31
PH,2020-04-16,146
PA,2020-04-16,50
PD,2020-04-16,43
NB,2020-04-16,-7
PB,2020-04-16,34
PG,2020-04-16,85.5
NC,2020-04-16,72
NH,2020-04-16,5
PC,2020-04-16,23
NA,2020-04-16,14
PF,2020-04-16,0
PE,2020-04-16,7
PK,2020-04-16,4
NI,2020-04-16,5
NJ,2020-04-16,0
NG,2020-04-16,7
NK,2020-04-16,0
NL,2020-04-16,66
PH ,2020-04-16,0
NN,2020-04-15,184.5
NE,2020-04-15,24
ND,2020-04-15,25
PH,2020-04-15,253
PA,2020-04-15,87
PD,2020-04-15,53
NB,2020-04-15,49
PB,2020-04-15,19
PG,2020-04-15,46
NC,2020-04-15,69
NH,2020-04-15,20
PC,2020-04-15,5
NA,2020-04-15,17
PF,2020-04-15,2
PE,2020-04-15,41
PK,2020-04-15,64
NI,2020-04-15,0
NJ,2020-04-15,12.5
NG,2020-04-15,9
NK,2020-04-15,0
NL,2020-04-15,63.5
PH ,2020-04-15,0
NN,2020-04-14,182
NE,2020-04-14,15.0
ND,2020-04-14,9
PH,2020-04-14,215.5
PA,2020-04-14,45
PD,2020-04-14,74
NB,2020-04-14,51
PB,2020-04-14,30
PG,2020-04-14,15.5
NC,2020-04-14,30.5
NH,2020-04-14,0
PC,2020-04-14,5
NA,2020-04-14,19
PF,2020-04-14,11
PE,2020-04-14,5
PK,2020-04-14,53
NI,2020-04-14,0
NJ,2020-04-14,5
NG,2020-04-14,5
NK,2020-04-14,0
NL,2020-04-14,61
PH ,2020-04-14,0
NN,2020-04-13,99.0
NE,2020-04-13,20
ND,2020-04-13,7
PH,2020-04-13,166
PA,2020-04-13,34.5
PD,2020-04-13,34
NB,2020-04-13,37
PB,2020-04-13,31
PG,2020-04-13,88
NC,2020-04-13,19
NH,2020-04-13,0
PC,2020-04-13,5
NA,2020-04-13,38
PF,2020-04-13,3
PE,2020-04-13,17
PK,2020-04-13,20
NI,2020-04-13,4
NJ,2020-04-13,3
NG,2020-04-13,0
NK,2020-04-13,0
NL,2020-04-13,51
PH ,2020-04-13,0
NN,2020-04-12,93.5
NE,2020-04-12,6
ND,2020-04-12,17
PH,2020-04-12,168.5
PA,2020-04-12,35
PD,2020-04-12,49
NB,2020-04-12,18
PB,2020-04-12,32
PG,2020-04-12,56.5
NC,2020-04-12,39.5
NH,2020-04-12,-3
PC,2020-04-12,0
NA,2020-04-12,0
PF,2020-04-12,4
PE,2020-04-12,50
PK,2020-04-12,23
NI,2020-04-12,-4.5
NJ,2020-04-12,6
NG,2020-04-12,9
NK,2020-04-12,0
NL,2020-04-12,40
PH ,2020-04-12,0
NN,2020-04-11,94
NE,2020-04-11,18
ND,2020-04-11,31
PH,2020-04-11,146
PA,2020-04-11,29
PD,2020-04-11,29
NB,2020-04-11,3
PB,2020-04-11,20
PG,2020-04-11,30
NC,2020-04-11,44
NH,2020-04-11,-4
PC,2020-04-11,0
NA,2020-04-11,33.5
PF,2020-04-11,-2
PE,2020-04-11,16
PK,2020-04-11,25
NI,2020-04-11,0
NJ,2020-04-11,16
NG,2020-04-11,0
NK,2020-04-11,0
NL,2020-04-11,48
PH ,2020-04-11,0
NN,2020-04-10,92.5
NE,2020-04-10,13
ND,2020-04-10,46
PH,2020-04-10,205.0
PA,2020-04-10,46
PD,2020-04-10,37
NB,2020-04-10,26
PB,2020-04-10,31
PG,2020-04-10,57
NC,2020-04-10,6
NH,2020-04-10,5
PC,2020-04-10,0
NA,2020-04-10,0
PF,2020-04-10,0
PE,2020-04-10,0
PK,2020-04-10,20
NI,2020-04-10,0
NJ,2020-04-10,12
NG,2020-04-10,0
NK,2020-04-10,0
NL,2020-04-10,12
PH ,2020-04-10,0
NN,2020-04-09,165.5
NE,2020-04-09,25
ND,2020-04-09,38
PH,2020-04-09,301
PA,2020-04-09,104
PD,2020-04-09,28
NB,2020-04-09,22
PB,2020-04-09,94.5
PG,2020-04-09,105
NC,2020-04-09,58.5
NH,2020-04-09,27
PC,2020-04-09,10
NA,2020-04-09,18
PF,2020-04-09,3
PE,2020-04-09,31
PK,2020-04-09,55
NI,2020-04-09,0
NJ,2020-04-09,32
NG,2020-04-09,7
NK,2020-04-09,0
NL,2020-04-09,55
PH ,2020-04-09,0
NN,2020-04-08,123.0
NE,2020-04-08,44.5
ND,2020-04-08,21.5
PH,2020-04-08,874
PA,2020-04-08,92
PD,2020-04-08,21
NB,2020-04-08,22
PB,2020-04-08,74
PG,2020-04-08,97
NC,2020-04-08,136
NH,2020-04-08,8
PC,2020-04-08,15
NA,2020-04-08,0
PF,2020-04-08,14
PE,2020-04-08,46
PK,2020-04-08,62
NI,2020-04-08,11
NJ,2020-04-08,-3
NG,2020-04-08,-5
NK,2020-04-08,0
NL,2020-04-08,48
PH ,2020-04-08,0
NN,2020-04-07,272.0
NE,2020-04-07,66
ND,2020-04-07,27.5
PH,2020-04-07,431.5
PA,2020-04-07,166
PD,2020-04-07,137.5
NB,2020-04-07,71
PB,2020-04-07,108
PG,2020-04-07,138.5
NC,2020-04-07,57
NH,2020-04-07,4
PC,2020-04-07,25
NA,2020-04-07,106
PF,2020-04-07,-3
PE,2020-04-07,70
PK,2020-04-07,60
NI,2020-04-07,22
NJ,2020-04-07,19
NG,2020-04-07,3
NK,2020-04-07,0
NL,2020-04-07,187
PH ,2020-04-07,0
NN,2020-04-06,250.5
NE,2020-04-06,44
ND,2020-04-06,47
PH,2020-04-06,442.0
PA,2020-04-06,140.5
PD,2020-04-06,85
NB,2020-04-06,62
PB,2020-04-06,74.5
PG,2020-04-06,126
NC,2020-04-06,117
NH,2020-04-06,10
PC,2020-04-06,18
NA,2020-04-06,38
PF,2020-04-06,11
PE,2020-04-06,36
PK,2020-04-06,102.5
NI,2020-04-06,7
NJ,2020-04-06,8
NG,2020-04-06,5
NK,2020-04-06,0
NL,2020-04-06,60
PH ,2020-04-06,0
NN,2020-04-05,255.0
NE,2020-04-05,58
ND,2020-04-05,102
PH,2020-04-05,426.0
PA,2020-04-05,161
PD,2020-04-05,81
NB,2020-04-05,74
PB,2020-04-05,36.5
PG,2020-04-05,84
NC,2020-04-05,191
NH,2020-04-05,10
PC,2020-04-05,10
NA,2020-04-05,48
PF,2020-04-05,3
PE,2020-04-05,68
PK,2020-04-05,103
NI,2020-04-05,0
NJ,2020-04-05,35.5
NG,2020-04-05,0
NK,2020-04-05,7
NL,2020-04-05,120
PH ,2020-04-05,0
NN,2020-04-04,156
NE,2020-04-04,8.5
ND,2020-04-04,26
PH,2020-04-04,979.0
PA,2020-04-04,190
PD,2020-04-04,272
NB,2020-04-04,234
PB,2020-04-04,75
PG,2020-04-04,92.0
NC,2020-04-04,38.5
NH,2020-04-04,3
PC,2020-04-04,19
NA,2020-04-04,23
PF,2020-04-04,163
PE,2020-04-04,91.5
PK,2020-04-04,70
NI,2020-04-04,10
NJ,2020-04-04,28
NG,2020-04-04,0
NK,2020-04-04,0
NL,2020-04-04,73.5
PH ,2020-04-04,0
NN,2020-04-03,155
NE,2020-04-03,52.5
ND,2020-04-03,42
PH,2020-04-03,295
PA,2020-04-03,94
PD,2020-04-03,88
NB,2020-04-03,69
PB,2020-04-03,21.5
PG,2020-04-03,89
NC,2020-04-03,190.5
NH,2020-04-03,5
PC,2020-04-03,19
NA,2020-04-03,31
PF,2020-04-03,12
PE,2020-04-03,57
PK,2020-04-03,68
NI,2020-04-03,19
NJ,2020-04-03,5
NG,2020-04-03,-3
NK,2020-04-03,0
NL,2020-04-03,86
PH ,2020-04-03,0
NN,2020-04-02,184.5
NE,2020-04-02,50.5
ND,2020-04-02,177.5
PH,2020-04-02,646.0
PA,2020-04-02,141
PD,2020-04-02,148
NB,2020-04-02,27
PB,2020-04-02,162.5
PG,2020-04-02,152
NC,2020-04-02,98
NH,2020-04-02,29
PC,2020-04-02,0
NA,2020-04-02,73
PF,2020-04-02,10.5
PE,2020-04-02,60
PK,2020-04-02,104
NI,2020-04-02,16
NJ,2020-04-02,42
NG,2020-04-02,7
NK,2020-04-02,0
NL,2020-04-02,118
PH ,2020-04-02,0
NN,2020-04-01,152.0
NE,2020-04-01,69
ND,2020-04-01,102
PH,2020-04-01,486.0
PA,2020-04-01,125
PD,2020-04-01,172
NB,2020-04-01,61
PB,2020-04-01,51
PG,2020-04-01,123
NC,2020-04-01,110.5
NH,2020-04-01,13
PC,2020-04-01,15
NA,2020-04-01,21
PF,2020-04-01,5
PE,2020-04-01,75
PK,2020-04-01,85
NI,2020-04-01,-16
NJ,2020-04-01,10
NG,2020-04-01,7
NK,2020-04-01,0
NL,2020-04-01,56
PH ,2020-04-01,0
NN,2020-03-31,234
NE,2020-03-31,31.5
ND,2020-03-31,133
PH,2020-03-31,337.0
PA,2020-03-31,147
PD,2020-03-31,79
NB,2020-03-31,83
PB,2020-03-31,64
PG,2020-03-31,102
NC,2020-03-31,138.0
NH,2020-03-31,9
PC,2020-03-31,21
NA,2020-03-31,35
PF,2020-03-31,13
PE,2020-03-31,68
PK,2020-03-31,55
NI,2020-03-31,19
NJ,2020-03-31,12
NG,2020-03-31,7
NK,2020-03-31,0
NL,2020-03-31,85
PH ,2020-03-31,0
NN,2020-03-30,341.0
NE,2020-03-30,54
ND,2020-03-30,55
PH,2020-03-30,409.5
PA,2020-03-30,149
PD,2020-03-30,71.5
NB,2020-03-30,42
PB,2020-03-30,52
PG,2020-03-30,120
NC,2020-03-30,147
NH,2020-03-30,11
PC,2020-03-30,15
NA,2020-03-30,51
PF,2020-03-30,0
PE,2020-03-30,22
PK,2020-03-30,52
NI,2020-03-30,8
NJ,2020-03-30,31.5
NG,2020-03-30,6
NK,2020-03-30,0
NL,2020-03-30,103.5
PH ,2020-03-30,0
NN,2020-03-29,292.0
NE,2020-03-29,36
ND,2020-03-29,54.5
PH,2020-03-29,679.0
PA,2020-03-29,175.5
PD,2020-03-29,121
NB,2020-03-29,101
PB,2020-03-29,66
PG,2020-03-29,151.5
NC,2020-03-29,124.5
NH,2020-03-29,23
PC,2020-03-29,13
NA,2020-03-29,14
PF,2020-03-29,15
PE,2020-03-29,61
PK,2020-03-29,97
NI,2020-03-29,0
NJ,2020-03-29,66
NG,2020-03-29,-3
NK,2020-03-29,0
NL,2020-03-29,146
PH ,2020-03-29,0
NN,2020-03-28,247
NE,2020-03-28,-2
ND,2020-03-28,59
PH,2020-03-28,476.5
PA,2020-03-28,131
PD,2020-03-28,80
NB,2020-03-28,50.5
PB,2020-03-28,50
PG,2020-03-28,115.5
NC,2020-03-28,132.5
NH,2020-03-28,9
PC,2020-03-28,15
NA,2020-03-28,29
PF,2020-03-28,3
PE,2020-03-28,70
PK,2020-03-28,95
NI,2020-03-28,16
NJ,2020-03-28,15
NG,2020-03-28,3
NK,2020-03-28,0
NL,2020-03-28,103.5
PH ,2020-03-28,0
NN,2020-03-27,195.5
NE,2020-03-27,25.5
ND,2020-03-27,56
PH,2020-03-27,557.5
PA,2020-03-27,124
PD,2020-03-27,78
NB,2020-03-27,49.5
PB,2020-03-27,38.5
PG,2020-03-27,117
NC,2020-03-27,127.5
NH,2020-03-27,18
PC,2020-03-27,11
NA,2020-03-27,18
PF,2020-03-27,0
PE,2020-03-27,26
PK,2020-03-27,78.5
NI,2020-03-27,17
NJ,2020-03-27,20
NG,2020-03-27,6
NK,2020-03-27,0
NL,2020-03-27,113.5
PH ,2020-03-27,0
NN,2020-03-26,193.5
NE,2020-03-26,29.5
ND,2020-03-26,49.0
PH,2020-03-26,588.5
PA,2020-03-26,95.5
PD,2020-03-26,173.5
NB,2020-03-26,64
PB,2020-03-26,79
PG,2020-03-26,162
NC,2020-03-26,135
NH,2020-03-26,17.0
PC,2020-03-26,0
NA,2020-03-26,39
PF,2020-03-26,7
PE,2020-03-26,144
PK,2020-03-26,125
NI,2020-03-26,24
NJ,2020-03-26,5
NG,2020-03-26,6
NK,2020-03-26,0
NL,2020-03-26,77.5
PH ,2020-03-26,0
NN,2020-03-25,220.5
NE,2020-03-25,43.0
ND,2020-03-25,52
PH,2020-03-25,561.0
PA,2020-03-25,176
PD,2020-03-25,116.5
NB,2020-03-25,59
PB,2020-03-25,53
PG,2020-03-25,88
NC,2020-03-25,152
NH,2020-03-25,13.5
PC,2020-03-25,0
NA,2020-03-25,10
PF,2020-03-25,15
PE,2020-03-25,61
PK,2020-03-25,139.5
NI,2020-03-25,7
NJ,2020-03-25,17.5
NG,2020-03-25,15
NK,2020-03-25,0
NL,2020-03-25,66
PH ,2020-03-25,0
NN,2020-03-12,142.5
NE,2020-03-12,47
ND,2020-03-12,39
PH,2020-03-12,300
PA,2020-03-12,92.5
PD,2020-03-12,82
NB,2020-03-12,40
PB,2020-03-12,22
PG,2020-03-12,76
NC,2020-03-12,103
NH,2020-03-12,-6
PC,2020-03-12,15
NA,2020-03-12,27
PF,2020-03-12,3
PE,2020-03-12,42
PK,2020-03-12,47
NI,2020-03-12,21
NJ,2020-03-12,25
NG,2020-03-12,24
NK,2020-03-12,0
NL,2020-03-12,60
PH ,2020-03-12,0
NN,2020-03-24,151.0
NE,2020-03-24,21.5
ND,2020-03-24,140
PH,2020-03-24,276.0
PA,2020-03-24,161
PD,2020-03-24,80
NB,2020-03-24,58.5
PB,2020-03-24,71.5
PG,2020-03-24,86.5
NC,2020-03-24,204
NH,2020-03-24,0
PC,2020-03-24,1
NA,2020-03-24,62.5
PF,2020-03-24,10
PE,2020-03-24,86
PK,2020-03-24,67
NI,2020-03-24,38
NJ,2020-03-24,33
NG,2020-03-24,0
NK,2020-03-24,0
NL,2020-03-24,180.5
PH ,2020-03-24,0
NN,2020-03-23,208.5
NE,2020-03-23,39
ND,2020-03-23,108
PH,2020-03-23,469
PA,2020-03-23,100
PD,2020-03-23,134
NB,2020-03-23,58.5
PB,2020-03-23,87.5
PG,2020-03-23,136
NC,2020-03-23,91.5
NH,2020-03-23,0
PC,2020-03-23,30.0
NA,2020-03-23,5
PF,2020-03-23,1
PE,2020-03-23,45
PK,2020-03-23,81
NI,2020-03-23,23
NJ,2020-03-23,27
NG,2020-03-23,8
NK,2020-03-23,0
NL,2020-03-23,117.5
PH ,2020-03-23,0
NN,2020-03-22,127.5
NE,2020-03-22,51
ND,2020-03-22,13
PH,2020-03-22,266.5
PA,2020-03-22,52
PD,2020-03-22,69
NB,2020-03-22,44
PB,2020-03-22,50
PG,2020-03-22,53
NC,2020-03-22,122
NH,2020-03-22,6
PC,2020-03-22,15
NA,2020-03-22,45
PF,2020-03-22,0
PE,2020-03-22,3
PK,2020-03-22,47
NI,2020-03-22,8
NJ,2020-03-22,14
NG,2020-03-22,7
NK,2020-03-22,0
NL,2020-03-22,68
PH ,2020-03-22,0
NN,2020-03-21,-3.5
NE,2020-03-21,24
ND,2020-03-21,20
PH,2020-03-21,223.5
PA,2020-03-21,37
PD,2020-03-21,5
NB,2020-03-21,20
PB,2020-03-21,93
PG,2020-03-21,74
NC,2020-03-21,22.5
NH,2020-03-21,10
PC,2020-03-21,0
NA,2020-03-21,17
PF,2020-03-21,3
PE,2020-03-21,67
PK,2020-03-21,39
NI,2020-03-21,7
NJ,2020-03-21,23
NG,2020-03-21,10
NK,2020-03-21,0
NL,2020-03-21,85
PH ,2020-03-21,0
NN,2020-03-20,327.5
NE,2020-03-20,68.0
ND,2020-03-20,81
PH,2020-03-20,370.5
PA,2020-03-20,104
PD,2020-03-20,119
NB,2020-03-20,35.5
PB,2020-03-20,76
PG,2020-03-20,113
NC,2020-03-20,207
NH,2020-03-20,10
PC,2020-03-20,7.5
NA,2020-03-20,44
PF,2020-03-20,4
PE,2020-03-20,54
PK,2020-03-20,59
NI,2020-03-20,19
NJ,2020-03-20,-4
NG,2020-03-20,0
NK,2020-03-20,0
NL,2020-03-20,84
PH ,2020-03-20,0
NN,2020-03-19,144.5
NE,2020-03-19,59
ND,2020-03-19,61
PH,2020-03-19,296.0
PA,2020-03-19,79
PD,2020-03-19,65
NB,2020-03-19,5
PB,2020-03-19,67
PG,2020-03-19,107
NC,2020-03-19,130
NH,2020-03-19,10
PC,2020-03-19,5
NA,2020-03-19,61
PF,2020-03-19,5
PE,2020-03-19,60
PK,2020-03-19,106
NI,2020-03-19,40
NJ,2020-03-19,33
NG,2020-03-19,0
NK,2020-03-19,0
NL,2020-03-19,112
PH ,2020-03-19,0
NN,2020-03-18,234.0
NE,2020-03-18,8
ND,2020-03-18,45.5
PH,2020-03-18,314.5
PA,2020-03-18,188.5
PD,2020-03-18,61.5
NB,2020-03-18,23
PB,2020-03-18,40
PG,2020-03-18,155
NC,2020-03-18,152
NH,2020-03-18,0
PC,2020-03-18,40
NA,2020-03-18,48
PF,2020-03-18,1
PE,2020-03-18,28
PK,2020-03-18,49.5
NI,2020-03-18,26
NJ,2020-03-18,21
NG,2020-03-18,0
NK,2020-03-18,0
NL,2020-03-18,68
PH ,2020-03-18,0
NN,2020-03-17,230.5
NE,2020-03-17,58
ND,2020-03-17,10
PH,2020-03-17,200
PA,2020-03-17,17
PD,2020-03-17,86
NB,2020-03-17,40.0
PB,2020-03-17,63.0
PG,2020-03-17,100
NC,2020-03-17,62
NH,2020-03-17,-5
PC,2020-03-17,0
NA,2020-03-17,16
PF,2020-03-17,1
PE,2020-03-17,41.5
PK,2020-03-17,75
NI,2020-03-17,18
NJ,2020-03-17,36
NG,2020-03-17,0
NK,2020-03-17,0
NL,2020-03-17,82.0
PH ,2020-03-17,0
NN,2020-03-16,223.0
NE,2020-03-16,32
ND,2020-03-16,77
PH,2020-03-16,401.75
PA,2020-03-16,74.5
PD,2020-03-16,96
NB,2020-03-16,52.5
PB,2020-03-16,26.5
PG,2020-03-16,73
NC,2020-03-16,76.5
NH,2020-03-16,19
PC,2020-03-16,8
NA,2020-03-16,27
PF,2020-03-16,0.5
PE,2020-03-16,50
PK,2020-03-16,69
NI,2020-03-16,22
NJ,2020-03-16,19
NG,2020-03-16,9
NK,2020-03-16,0
NL,2020-03-16,86
PH ,2020-03-16,0
NN,2020-03-15,244.5
NE,2020-03-15,67.0
ND,2020-03-15,108
PH,2020-03-15,433.0
PA,2020-03-15,105
PD,2020-03-15,44
NB,2020-03-15,53
PB,2020-03-15,46.5
PG,2020-03-15,165.5
NC,2020-03-15,91.5
NH,2020-03-15,5
PC,2020-03-15,10
NA,2020-03-15,37
PF,2020-03-15,6
PE,2020-03-15,85
PK,2020-03-15,94
NI,2020-03-15,-7
NJ,2020-03-15,35
NG,2020-03-15,-4
NK,2020-03-15,0
NL,2020-03-15,90
PH ,2020-03-15,0
NN,2020-03-14,284.0
NE,2020-03-14,21
ND,2020-03-14,70.5
PH,2020-03-14,503.5
PA,2020-03-14,96.5
PD,2020-03-14,60.5
NB,2020-03-14,79
PB,2020-03-14,113
PG,2020-03-14,226.5
NC,2020-03-14,127
NH,2020-03-14,12
PC,2020-03-14,16.5
NA,2020-03-14,14
PF,2020-03-14,1
PE,2020-03-14,52
PK,2020-03-14,35
NI,2020-03-14,12
NJ,2020-03-14,27.0
NG,2020-03-14,-2
NK,2020-03-14,0
NL,2020-03-14,142
PH ,2020-03-14,0
NN,2020-03-13,186.5
NE,2020-03-13,22
ND,2020-03-13,37.5
PH,2020-03-13,388.5
PA,2020-03-13,102.5
PD,2020-03-13,73
NB,2020-03-13,38.5
PB,2020-03-13,53
PG,2020-03-13,94
NC,2020-03-13,103
NH,2020-03-13,5
PC,2020-03-13,17
NA,2020-03-13,7
PF,2020-03-13,3
PE,2020-03-13,64
PK,2020-03-13,70
NI,2020-03-13,31
NJ,2020-03-13,27
NG,2020-03-13,-3
NK,2020-03-13,0
NL,2020-03-13,121
PH ,2020-03-13,0
NN,2020-03-11,64
NE,2020-03-11,9
ND,2020-03-11,41
PH,2020-03-11,107.5
PA,2020-03-11,99
PD,2020-03-11,27.5
NB,2020-03-11,23.0
PB,2020-03-11,53
PG,2020-03-11,98.5
NC,2020-03-11,56
NH,2020-03-11,0
PC,2020-03-11,5
NA,2020-03-11,26
PF,2020-03-11,0
PE,2020-03-11,78
PK,2020-03-11,25
NI,2020-03-11,5
NJ,2020-03-11,1
NG,2020-03-11,3
NK,2020-03-11,0
NL,2020-03-11,77
PH ,2020-03-11,0
NN,2020-03-10,115.0
NE,2020-03-10,2
ND,2020-03-10,21.5
PH,2020-03-10,204
PA,2020-03-10,82
PD,2020-03-10,62
NB,2020-03-10,7
PB,2020-03-10,53
PG,2020-03-10,56
NC,2020-03-10,24
NH,2020-03-10,-1.5
PC,2020-03-10,13
NA,2020-03-10,15
PF,2020-03-10,-2
PE,2020-03-10,23
PK,2020-03-10,60
NI,2020-03-10,14
NJ,2020-03-10,11
NG,2020-03-10,5
NK,2020-03-10,0
NL,2020-03-10,31.5
PH ,2020-03-10,0
NN,2020-03-09,91.0
NE,2020-03-09,23
ND,2020-03-09,19.5
PH,2020-03-09,248
PA,2020-03-09,85
PD,2020-03-09,84
NB,2020-03-09,19
PB,2020-03-09,62
PG,2020-03-09,107.5
NC,2020-03-09,67.5
NH,2020-03-09,5
PC,2020-03-09,9
NA,2020-03-09,30
PF,2020-03-09,5
PE,2020-03-09,54
PK,2020-03-09,94.5
NI,2020-03-09,9
NJ,2020-03-09,15
NG,2020-03-09,0
NK,2020-03-09,0
NL,2020-03-09,25
PH ,2020-03-09,0
NN,2020-03-08,187.5
NE,2020-03-08,36
ND,2020-03-08,58.0
PH,2020-03-08,662.5
PA,2020-03-08,272
PD,2020-03-08,218
NB,2020-03-08,50.5
PB,2020-03-08,152
PG,2020-03-08,182
NC,2020-03-08,41
NH,2020-03-08,25
PC,2020-03-08,17
NA,2020-03-08,7
PF,2020-03-08,6
PE,2020-03-08,207
PK,2020-03-08,145
NI,2020-03-08,21
NJ,2020-03-08,20
NG,2020-03-08,0
NK,2020-03-08,0
NL,2020-03-08,109
PH ,2020-03-08,0
NN,2020-03-07,89.0
NE,2020-03-07,34
ND,2020-03-07,68
PH,2020-03-07,514.0
PA,2020-03-07,157
PD,2020-03-07,191
NB,2020-03-07,84.5
PB,2020-03-07,78
PG,2020-03-07,178
NC,2020-03-07,82
NH,2020-03-07,3
PC,2020-03-07,5
NA,2020-03-07,16
PF,2020-03-07,2
PE,2020-03-07,54
PK,2020-03-07,139
NI,2020-03-07,15
NJ,2020-03-07,1
NG,2020-03-07,0
NK,2020-03-07,0
NL,2020-03-07,98
PH ,2020-03-07,0
NN,2020-03-06,179.0
NE,2020-03-06,48
ND,2020-03-06,137
PH,2020-03-06,437.0
PA,2020-03-06,119
PD,2020-03-06,65
NB,2020-03-06,8
PB,2020-03-06,101
PG,2020-03-06,168.5
NC,2020-03-06,155.5
NH,2020-03-06,9
PC,2020-03-06,4
NA,2020-03-06,35
PF,2020-03-06,23
PE,2020-03-06,22
PK,2020-03-06,88.0
NI,2020-03-06,29.5
NJ,2020-03-06,-16
NG,2020-03-06,0
NK,2020-03-06,0
NL,2020-03-06,131.5
PH ,2020-03-06,0
NN,2020-03-05,236.5
NE,2020-03-05,4
ND,2020-03-05,54
PH,2020-03-05,374
PA,2020-03-05,77
PD,2020-03-05,108
NB,2020-03-05,33
PB,2020-03-05,102
PG,2020-03-05,106
NC,2020-03-05,73
NH,2020-03-05,0
PC,2020-03-05,20.5
NA,2020-03-05,32
PF,2020-03-05,18
PE,2020-03-05,44
PK,2020-03-05,85
NI,2020-03-05,5
NJ,2020-03-05,22
NG,2020-03-05,3
NK,2020-03-05,0
NL,2020-03-05,93
PH ,2020-03-05,0
NN,2020-03-04,191.0
NE,2020-03-04,68.5
ND,2020-03-04,61
PH,2020-03-04,503
PA,2020-03-04,180.5
PD,2020-03-04,66.5
NB,2020-03-04,55
PB,2020-03-04,99
PG,2020-03-04,155.0
NC,2020-03-04,116.5
NH,2020-03-04,6.5
PC,2020-03-04,3
NA,2020-03-04,32
PF,2020-03-04,3
PE,2020-03-04,41
PK,2020-03-04,105
NI,2020-03-04,3.5
NJ,2020-03-04,1
NG,2020-03-04,-2
NK,2020-03-04,0
NL,2020-03-04,60.5
PH ,2020-03-04,0
NN,2020-03-03,226.5
NE,2020-03-03,39
ND,2020-03-03,63.5
PH,2020-03-03,442.5
PA,2020-03-03,76.5
PD,2020-03-03,142.5
NB,2020-03-03,33
PB,2020-03-03,35
PG,2020-03-03,218
NC,2020-03-03,123
NH,2020-03-03,18
PC,2020-03-03,14
NA,2020-03-03,35
PF,2020-03-03,7
PE,2020-03-03,110
PK,2020-03-03,104.5
NI,2020-03-03,9
NJ,2020-03-03,-9
NG,2020-03-03,9
NK,2020-03-03,0
NL,2020-03-03,106.5
PH ,2020-03-03,0
NN,2020-02-25,186.0
NE,2020-02-25,59.5
ND,2020-02-25,19
PH,2020-02-25,544
PA,2020-02-25,100
PD,2020-02-25,144
NB,2020-02-25,141
PB,2020-02-25,64
PG,2020-02-25,77
NC,2020-02-25,240.5
NH,2020-02-25,6
PC,2020-02-25,15
NA,2020-02-25,57
PF,2020-02-25,25
PE,2020-02-25,124
PK,2020-02-25,114
NI,2020-02-25,-6
NJ,2020-02-25,3.5
NG,2020-02-25,2
NK,2020-02-25,0
NL,2020-02-25,94.5
PH ,2020-02-25,0
NN,2020-03-02,256.5
NE,2020-03-02,55
ND,2020-03-02,56
PH,2020-03-02,352.5
PA,2020-03-02,151
PD,2020-03-02,122
NB,2020-03-02,66
PB,2020-03-02,110
PG,2020-03-02,165
NC,2020-03-02,74
NH,2020-03-02,20
PC,2020-03-02,14
NA,2020-03-02,28
PF,2020-03-02,-1
PE,2020-03-02,103
PK,2020-03-02,108
NI,2020-03-02,14
NJ,2020-03-02,-7
NG,2020-03-02,9
NK,2020-03-02,0
NL,2020-03-02,70
PH ,2020-03-02,0
NN,2020-03-01,257.0
NE,2020-03-01,19.5
ND,2020-03-01,33
PH,2020-03-01,494.5
PA,2020-03-01,185
PD,2020-03-01,84
NB,2020-03-01,71
PB,2020-03-01,69
PG,2020-03-01,132
NC,2020-03-01,79.5
NH,2020-03-01,10
PC,2020-03-01,5
NA,2020-03-01,34
PF,2020-03-01,2
PE,2020-03-01,83
PK,2020-03-01,111.5
NI,2020-03-01,14
NJ,2020-03-01,31
NG,2020-03-01,0
NK,2020-03-01,0
NL,2020-03-01,84.5
PH ,2020-03-01,0
NN,2020-02-29,368.0
NE,2020-02-29,111
ND,2020-02-29,168
PH,2020-02-29,747.0
PA,2020-02-29,168
PD,2020-02-29,96
NB,2020-02-29,47
PB,2020-02-29,65
PG,2020-02-29,102
NC,2020-02-29,53
NH,2020-02-29,22
PC,2020-02-29,10
NA,2020-02-29,82
PF,2020-02-29,32
PE,2020-02-29,66
PK,2020-02-29,71
NI,2020-02-29,26
NJ,2020-02-29,60
NG,2020-02-29,3
NK,2020-02-29,-7
NL,2020-02-29,112
PH ,2020-02-29,0
NN,2020-02-28,453.5
NE,2020-02-28,122.0
ND,2020-02-28,148
PH,2020-02-28,690.5
PA,2020-02-28,196
PD,2020-02-28,214
NB,2020-02-28,58
PB,2020-02-28,170.5
PG,2020-02-28,202.0
NC,2020-02-28,74.0
NH,2020-02-28,12
PC,2020-02-28,36
NA,2020-02-28,64
PF,2020-02-28,6
PE,2020-02-28,140
PK,2020-02-28,148
NI,2020-02-28,23
NJ,2020-02-28,5
NG,2020-02-28,10
NK,2020-02-28,0
NL,2020-02-28,180
PH ,2020-02-28,0
NN,2020-02-27,387.0
NE,2020-02-27,77.0
ND,2020-02-27,134.5
PH,2020-02-27,669.0
PA,2020-02-27,179.0
PD,2020-02-27,66
NB,2020-02-27,48
PB,2020-02-27,117.5
PG,2020-02-27,176.5
NC,2020-02-27,194.5
NH,2020-02-27,22
PC,2020-02-27,46.5
NA,2020-02-27,38
PF,2020-02-27,7
PE,2020-02-27,120
PK,2020-02-27,120.5
NI,2020-02-27,28.5
NJ,2020-02-27,35
NG,2020-02-27,0
NK,2020-02-27,0
NL,2020-02-27,359.5
PH ,2020-02-27,0
NN,2020-02-26,188.5
NE,2020-02-26,72.0
ND,2020-02-26,67
PH,2020-02-26,631.0
PA,2020-02-26,126
PD,2020-02-26,72
NB,2020-02-26,87
PB,2020-02-26,76
PG,2020-02-26,85
NC,2020-02-26,130
NH,2020-02-26,-2
PC,2020-02-26,2
NA,2020-02-26,40
PF,2020-02-26,5
PE,2020-02-26,112
PK,2020-02-26,148.5
NI,2020-02-26,10
NJ,2020-02-26,-3.5
NG,2020-02-26,10
NK,2020-02-26,0
NL,2020-02-26,178
PH ,2020-02-26,0
NN,2020-02-24,238.5
NE,2020-02-24,17
ND,2020-02-24,99
PH,2020-02-24,555.5
PA,2020-02-24,122
PD,2020-02-24,144
NB,2020-02-24,101
PB,2020-02-24,151.0
PG,2020-02-24,102
NC,2020-02-24,124.5
NH,2020-02-24,25
PC,2020-02-24,20
NA,2020-02-24,67
PF,2020-02-24,6
PE,2020-02-24,110
PK,2020-02-24,175
NI,2020-02-24,23
NJ,2020-02-24,17
NG,2020-02-24,7
NK,2020-02-24,0
NL,2020-02-24,193
PH ,2020-02-24,0
NN,2020-02-23,177.5
NE,2020-02-23,57.5
ND,2020-02-23,64
PH,2020-02-23,543
PA,2020-02-23,127
PD,2020-02-23,158
NB,2020-02-23,49
PB,2020-02-23,65
PG,2020-02-23,94
NC,2020-02-23,87
NH,2020-02-23,22
PC,2020-02-23,3
NA,2020-02-23,40
PF,2020-02-23,1
PE,2020-02-23,88
PK,2020-02-23,46
NI,2020-02-23,22
NJ,2020-02-23,13
NG,2020-02-23,-7
NK,2020-02-23,0
NL,2020-02-23,197.5
PH ,2020-02-23,0
NN,2020-02-22,197.0
NE,2020-02-22,-16.5
ND,2020-02-22,14
PH,2020-02-22,250
PA,2020-02-22,39
PD,2020-02-22,110
NB,2020-02-22,25
PB,2020-02-22,39
PG,2020-02-22,103.5
NC,2020-02-22,72.5
NH,2020-02-22,17
PC,2020-02-22,0
NA,2020-02-22,2
PF,2020-02-22,0
PE,2020-02-22,42
PK,2020-02-22,54
NI,2020-02-22,5
NJ,2020-02-22,27
NG,2020-02-22,0
NK,2020-02-22,0
NL,2020-02-22,73
PH ,2020-02-22,0
NN,2020-02-21,148.5
NE,2020-02-21,23.5
ND,2020-02-21,13
PH,2020-02-21,176
PA,2020-02-21,84
PD,2020-02-21,61
NB,2020-02-21,44
PB,2020-02-21,90
PG,2020-02-21,57.5
NC,2020-02-21,69
NH,2020-02-21,23
PC,2020-02-21,7
NA,2020-02-21,34
PF,2020-02-21,1
PE,2020-02-21,36
PK,2020-02-21,67
NI,2020-02-21,13
NJ,2020-02-21,7
NG,2020-02-21,3
NK,2020-02-21,0
NL,2020-02-21,66
PH ,2020-02-21,0
NN,2020-02-20,263
NE,2020-02-20,33.5
ND,2020-02-20,87.5
PH,2020-02-20,334.0
PA,2020-02-20,160
PD,2020-02-20,52
NB,2020-02-20,67
PB,2020-02-20,27
PG,2020-02-20,71
NC,2020-02-20,97.0
NH,2020-02-20,0
PC,2020-02-20,19
NA,2020-02-20,20
PF,2020-02-20,16
PE,2020-02-20,51
PK,2020-02-20,71.5
NI,2020-02-20,3
NJ,2020-02-20,40
NG,2020-02-20,16
NK,2020-02-20,0
NL,2020-02-20,186
PH ,2020-02-20,0
NN,2020-02-19,134
NE,2020-02-19,17
ND,2020-02-19,23
PH,2020-02-19,140
PA,2020-02-19,15
PD,2020-02-19,10
NB,2020-02-19,24
PB,2020-02-19,15
PG,2020-02-19,20
NC,2020-02-19,6
NH,2020-02-19,7
PC,2020-02-19,0
NA,2020-02-19,7
PF,2020-02-19,0
PE,2020-02-19,19
PK,2020-02-19,20
NI,2020-02-19,4
NJ,2020-02-19,0
NG,2020-02-19,0
NK,2020-02-19,0
NL,2020-02-19,12
PH ,2020-02-19,0
NN,2020-02-18,236.5
NE,2020-02-18,57
ND,2020-02-18,53
PH,2020-02-18,300.5
PA,2020-02-18,61
PD,2020-02-18,122.5
NB,2020-02-18,69.5
PB,2020-02-18,38
PG,2020-02-18,100
NC,2020-02-18,81
NH,2020-02-18,0
PC,2020-02-18,7
NA,2020-02-18,25
PF,2020-02-18,0
PE,2020-02-18,30
PK,2020-02-18,75
NI,2020-02-18,-6
NJ,2020-02-18,23
NG,2020-02-18,0
NK,2020-02-18,0
NL,2020-02-18,113
PH ,2020-02-18,0
NN,2020-02-17,220.0
NE,2020-02-17,24
ND,2020-02-17,78
PH,2020-02-17,428
PA,2020-02-17,154.5
PD,2020-02-17,93
NB,2020-02-17,36
PB,2020-02-17,65
PG,2020-02-17,104
NC,2020-02-17,37.5
NH,2020-02-17,8
PC,2020-02-17,7
NA,2020-02-17,25
PF,2020-02-17,4
PE,2020-02-17,62
PK,2020-02-17,62
NI,2020-02-17,33
NJ,2020-02-17,12
NG,2020-02-17,5
NK,2020-02-17,0
NL,2020-02-17,108
PH ,2020-02-17,0
NN,2020-02-16,349.0
NE,2020-02-16,29
ND,2020-02-16,89.5
PH,2020-02-16,476.5
PA,2020-02-16,134
PD,2020-02-16,112.5
NB,2020-02-16,15
PB,2020-02-16,75
PG,2020-02-16,96.5
NC,2020-02-16,88
NH,2020-02-16,24.5
PC,2020-02-16,5
NA,2020-02-16,13
PF,2020-02-16,6.5
PE,2020-02-16,15
PK,2020-02-16,119.0
NI,2020-02-16,-4
NJ,2020-02-16,42
NG,2020-02-16,18
NK,2020-02-16,0
NL,2020-02-16,113
PH ,2020-02-16,0
NN,2020-02-15,116
NE,2020-02-15,39.5
ND,2020-02-15,20
PH,2020-02-15,298
PA,2020-02-15,127.5
PD,2020-02-15,33
NB,2020-02-15,27
PB,2020-02-15,105.5
PG,2020-02-15,91
NC,2020-02-15,63
NH,2020-02-15,15
PC,2020-02-15,5
NA,2020-02-15,-7
PF,2020-02-15,6
PE,2020-02-15,69
PK,2020-02-15,76
NI,2020-02-15,12
NJ,2020-02-15,30
NG,2020-02-15,11
NK,2020-02-15,7
NL,2020-02-15,93
PH ,2020-02-15,0
NN,2020-02-14,131.0
NE,2020-02-14,44
ND,2020-02-14,29.0
PH,2020-02-14,481.0
PA,2020-02-14,192
PD,2020-02-14,49
NB,2020-02-14,56
PB,2020-02-14,42.5
PG,2020-02-14,103.5
NC,2020-02-14,66
NH,2020-02-14,6
PC,2020-02-14,-0.5
NA,2020-02-14,26
PF,2020-02-14,16
PE,2020-02-14,118
PK,2020-02-14,94
NI,2020-02-14,5
NJ,2020-02-14,24
NG,2020-02-14,3
NK,2020-02-14,0
NL,2020-02-14,68
PH ,2020-02-14,0
NN,2020-02-13,297.0
NE,2020-02-13,84.5
ND,2020-02-13,62
PH,2020-02-13,354.0
PA,2020-02-13,115
PD,2020-02-13,79
NB,2020-02-13,62
PB,2020-02-13,111
PG,2020-02-13,133
NC,2020-02-13,99
NH,2020-02-13,14
PC,2020-02-13,13
NA,2020-02-13,23
PF,2020-02-13,1
PE,2020-02-13,64
PK,2020-02-13,123
NI,2020-02-13,32
NJ,2020-02-13,35
NG,2020-02-13,6
NK,2020-02-13,0
NL,2020-02-13,100
PH ,2020-02-13,0
NN,2020-02-12,161
NE,2020-02-12,40
ND,2020-02-12,19.5
PH,2020-02-12,378
PA,2020-02-12,83.5
PD,2020-02-12,62
NB,2020-02-12,43
PB,2020-02-12,57
PG,2020-02-12,79
NC,2020-02-12,66
NH,2020-02-12,9
PC,2020-02-12,16.5
NA,2020-02-12,6
PF,2020-02-12,4
PE,2020-02-12,31
PK,2020-02-12,51
NI,2020-02-12,7
NJ,2020-02-12,1
NG,2020-02-12,8
NK,2020-02-12,0
NL,2020-02-12,59.5
PH ,2020-02-12,0
NN,2020-02-11,231.5
NE,2020-02-11,34
ND,2020-02-11,50.5
PH,2020-02-11,350.0
PA,2020-02-11,63
PD,2020-02-11,83
NB,2020-02-11,58
PB,2020-02-11,39
PG,2020-02-11,110
NC,2020-02-11,48.5
NH,2020-02-11,13
PC,2020-02-11,3
NA,2020-02-11,7
PF,2020-02-11,5
PE,2020-02-11,69.5
PK,2020-02-11,50
NI,2020-02-11,22
NJ,2020-02-11,24
NG,2020-02-11,0
NK,2020-02-11,0
NL,2020-02-11,100
PH ,2020-02-11,0
NN,2020-02-10,176
NE,2020-02-10,56
ND,2020-02-10,32
PH,2020-02-10,293
PA,2020-02-10,167
PD,2020-02-10,74
NB,2020-02-10,25
PB,2020-02-10,65.5
PG,2020-02-10,62
NC,2020-02-10,79
NH,2020-02-10,13
PC,2020-02-10,9
NA,2020-02-10,12
PF,2020-02-10,4
PE,2020-02-10,60
PK,2020-02-10,92
NI,2020-02-10,55
NJ,2020-02-10,12
NG,2020-02-10,3
NK,2020-02-10,0
NL,2020-02-10,54.5
PH ,2020-02-10,0
NN,2020-02-09,383.0
NE,2020-02-09,50.5
ND,2020-02-09,97.5
PH,2020-02-09,626.0
PA,2020-02-09,314.5
PD,2020-02-09,85
NB,2020-02-09,117.5
PB,2020-02-09,183
PG,2020-02-09,269
NC,2020-02-09,277.5
NH,2020-02-09,16
PC,2020-02-09,-4
NA,2020-02-09,49
PF,2020-02-09,5
PE,2020-02-09,144
PK,2020-02-09,216.0
NI,2020-02-09,24
NJ,2020-02-09,29
NG,2020-02-09,18
NK,2020-02-09,0
NL,2020-02-09,200.0
PH ,2020-02-09,0
NN,2020-02-08,341.0
NE,2020-02-08,77
ND,2020-02-08,86
PH,2020-02-08,507.5
PA,2020-02-08,403
PD,2020-02-08,155
NB,2020-02-08,94
PB,2020-02-08,158.5
PG,2020-02-08,236
NC,2020-02-08,160
NH,2020-02-08,17.5
PC,2020-02-08,14
NA,2020-02-08,58
PF,2020-02-08,0
PE,2020-02-08,235.5
PK,2020-02-08,189.5
NI,2020-02-08,4
NJ,2020-02-08,16
NG,2020-02-08,3
NK,2020-02-08,0
NL,2020-02-08,217
PH ,2020-02-08,0
NN,2020-02-07,516.5
NE,2020-02-07,80
ND,2020-02-07,175
PH,2020-02-07,765.0
PA,2020-02-07,146.5
PD,2020-02-07,139.5
NB,2020-02-07,141
PB,2020-02-07,224.5
PG,2020-02-07,183
NC,2020-02-07,158.5
NH,2020-02-07,40
PC,2020-02-07,19
NA,2020-02-07,50.5
PF,2020-02-07,17
PE,2020-02-07,32.5
PK,2020-02-07,217.5
NI,2020-02-07,41
NJ,2020-02-07,10
NG,2020-02-07,2
NK,2020-02-07,0
NL,2020-02-07,280.5
PH ,2020-02-07,0
NN,2020-02-06,417.5
NE,2020-02-06,74.5
ND,2020-02-06,128
PH,2020-02-06,633.0
PA,2020-02-06,232
PD,2020-02-06,107.0
NB,2020-02-06,145.5
PB,2020-02-06,126.5
PG,2020-02-06,163.5
NC,2020-02-06,124
NH,2020-02-06,5
PC,2020-02-06,12
NA,2020-02-06,29
PF,2020-02-06,6
PE,2020-02-06,119
PK,2020-02-06,152.0
NI,2020-02-06,37
NJ,2020-02-06,41
NG,2020-02-06,-4
NK,2020-02-06,0
NL,2020-02-06,213
PH ,2020-02-06,0
NN,2020-02-05,299.0
NE,2020-02-05,42
ND,2020-02-05,57
PH,2020-02-05,438.0
PA,2020-02-05,197.5
PD,2020-02-05,51
NB,2020-02-05,76.5
PB,2020-02-05,151.5
PG,2020-02-05,210
NC,2020-02-05,167.0
NH,2020-02-05,23
PC,2020-02-05,5
NA,2020-02-05,7
PF,2020-02-05,1
PE,2020-02-05,149
PK,2020-02-05,170
NI,2020-02-05,29
NJ,2020-02-05,102
NG,2020-02-05,9
NK,2020-02-05,0
NL,2020-02-05,124
PH ,2020-02-05,0
NN,2020-02-04,768.5
NE,2020-02-04,109.5
ND,2020-02-04,104.5
PH,2020-02-04,842.0
PA,2020-02-04,326
PD,2020-02-04,118
NB,2020-02-04,121.0
PB,2020-02-04,237.0
PG,2020-02-04,398.5
NC,2020-02-04,211.0
NH,2020-02-04,45
PC,2020-02-04,20
NA,2020-02-04,35
PF,2020-02-04,5
PE,2020-02-04,96
PK,2020-02-04,214
NI,2020-02-04,39.5
NJ,2020-02-04,81
NG,2020-02-04,-5
NK,2020-02-04,0
NL,2020-02-04,130.5
PH ,2020-02-04,0
NN,2020-02-03,322.0
NE,2020-02-03,100
ND,2020-02-03,121.0
PH,2020-02-03,772.0
PA,2020-02-03,216.5
PD,2020-02-03,101
NB,2020-02-03,87
PB,2020-02-03,141
PG,2020-02-03,299.0
NC,2020-02-03,101
NH,2020-02-03,23
PC,2020-02-03,10
NA,2020-02-03,63
PF,2020-02-03,13
PE,2020-02-03,177.0
PK,2020-02-03,224
NI,2020-02-03,12.5
NJ,2020-02-03,47.5
NG,2020-02-03,7
NK,2020-02-03,0
NL,2020-02-03,137
PH ,2020-02-03,0
NN,2020-02-02,601.0
NE,2020-02-02,80.5
ND,2020-02-02,101
PH,2020-02-02,805
PA,2020-02-02,241.0
PD,2020-02-02,133
NB,2020-02-02,124.5
PB,2020-02-02,112
PG,2020-02-02,327.0
NC,2020-02-02,179
NH,2020-02-02,20
PC,2020-02-02,22
NA,2020-02-02,42
PF,2020-02-02,14
PE,2020-02-02,83.5
PK,2020-02-02,238
NI,2020-02-02,9
NJ,2020-02-02,48
NG,2020-02-02,13
NK,2020-02-02,0
NL,2020-02-02,231
PH ,2020-02-02,0
NN,2020-02-01,423.5
NE,2020-02-01,77.5
ND,2020-02-01,134
PH,2020-02-01,579
PA,2020-02-01,119
PD,2020-02-01,69
NB,2020-02-01,71
PB,2020-02-01,48
PG,2020-02-01,122
NC,2020-02-01,184
NH,2020-02-01,49
PC,2020-02-01,25
NA,2020-02-01,57
PF,2020-02-01,8
PE,2020-02-01,47
PK,2020-02-01,74
NI,2020-02-01,58
NJ,2020-02-01,21
NG,2020-02-01,3
NK,2020-02-01,0
NL,2020-02-01,149.5
PH ,2020-02-01,0
NN,2020-01-31,622.0
NE,2020-01-31,147
ND,2020-01-31,216.5
PH,2020-01-31,877.0
PA,2020-01-31,251.5
PD,2020-01-31,90
NB,2020-01-31,42
PB,2020-01-31,133
PG,2020-01-31,403.0
NC,2020-01-31,288.0
NH,2020-01-31,78.0
PC,2020-01-31,49
NA,2020-01-31,50.5
PF,2020-01-31,14
PE,2020-01-31,112.5
PK,2020-01-31,213
NI,2020-01-31,78
NJ,2020-01-31,151
NG,2020-01-31,11
NK,2020-01-31,0
NL,2020-01-31,298.5
PH ,2020-01-31,0
NN,2020-01-30,390.5
NE,2020-01-30,72.5
ND,2020-01-30,143
PH,2020-01-30,431.0
PA,2020-01-30,163
PD,2020-01-30,113
NB,2020-01-30,54
PB,2020-01-30,177
PG,2020-01-30,156.5
NC,2020-01-30,114.5
NH,2020-01-30,51
PC,2020-01-30,24.5
NA,2020-01-30,31
PF,2020-01-30,3
PE,2020-01-30,47.5
PK,2020-01-30,164.5
NI,2020-01-30,30
NJ,2020-01-30,34.5
NG,2020-01-30,16
NK,2020-01-30,0
NL,2020-01-30,148.5
PH ,2020-01-30,0
NN,2020-01-29,368.0
NE,2020-01-29,162
ND,2020-01-29,152
PH,2020-01-29,560.0
PA,2020-01-29,218
PD,2020-01-29,67
NB,2020-01-29,57
PB,2020-01-29,184.5
PG,2020-01-29,168
NC,2020-01-29,187.5
NH,2020-01-29,41
PC,2020-01-29,9
NA,2020-01-29,25
PF,2020-01-29,3
PE,2020-01-29,133
PK,2020-01-29,228.5
NI,2020-01-29,4
NJ,2020-01-29,45
NG,2020-01-29,3
NK,2020-01-29,0
NL,2020-01-29,222
PH ,2020-01-29,0
NN,2020-01-28,226.0
NE,2020-01-28,121.0
ND,2020-01-28,145
PH,2020-01-28,540.0
PA,2020-01-28,251
PD,2020-01-28,44
NB,2020-01-28,56
PB,2020-01-28,126
PG,2020-01-28,186.0
NC,2020-01-28,150.5
NH,2020-01-28,18
PC,2020-01-28,-6
NA,2020-01-28,10
PF,2020-01-28,16
PE,2020-01-28,59
PK,2020-01-28,165
NI,2020-01-28,14
NJ,2020-01-28,29
NG,2020-01-28,9
NK,2020-01-28,0
NL,2020-01-28,179
PH ,2020-01-28,0
NN,2020-01-27,507.0
NE,2020-01-27,163.5
ND,2020-01-27,151.5
PH,2020-01-27,673.5
PA,2020-01-27,266.0
PD,2020-01-27,119
NB,2020-01-27,181
PB,2020-01-27,98.5
PG,2020-01-27,212.5
NC,2020-01-27,185
NH,2020-01-27,67
PC,2020-01-27,64.5
NA,2020-01-27,28
PF,2020-01-27,9
PE,2020-01-27,99
PK,2020-01-27,198.0
NI,2020-01-27,36
NJ,2020-01-27,36
NG,2020-01-27,14
NK,2020-01-27,0
NL,2020-01-27,182.0
PH ,2020-01-27,0
NN,2020-01-25,395.5
NE,2020-01-25,62.5
ND,2020-01-25,91
PH,2020-01-25,923.0
PA,2020-01-25,219
PD,2020-01-25,101
NB,2020-01-25,60
PB,2020-01-25,173.5
PG,2020-01-25,205.5
NC,2020-01-25,195.0
NH,2020-01-25,19
PC,2020-01-25,40
NA,2020-01-25,8
PF,2020-01-25,15
PE,2020-01-25,70
PK,2020-01-25,149.5
NI,2020-01-25,36
NJ,2020-01-25,25
NG,2020-01-25,3
NK,2020-01-25,0
NL,2020-01-25,143
PH ,2020-01-25,0
NN,2020-01-24,244.0
NE,2020-01-24,38.5
ND,2020-01-24,128.5
PH,2020-01-24,1578.0
PA,2020-01-24,221
PD,2020-01-24,45.0
NB,2020-01-24,56
PB,2020-01-24,152.0
PG,2020-01-24,95
NC,2020-01-24,147.5
NH,2020-01-24,22
PC,2020-01-24,16
NA,2020-01-24,40
PF,2020-01-24,18.0
PE,2020-01-24,79.5
PK,2020-01-24,244.5
NI,2020-01-24,68
NJ,2020-01-24,21
NG,2020-01-24,13
NK,2020-01-24,0
NL,2020-01-24,187
PH ,2020-01-24,0
NN,2020-01-23,587.5
NE,2020-01-23,160.5
ND,2020-01-23,123
PH,2020-01-23,880
PA,2020-01-23,264.0
PD,2020-01-23,82
NB,2020-01-23,137.5
PB,2020-01-23,248.0
PG,2020-01-23,277
NC,2020-01-23,361.5
NH,2020-01-23,49
PC,2020-01-23,49
NA,2020-01-23,57
PF,2020-01-23,21
PE,2020-01-23,52
PK,2020-01-23,314.0
NI,2020-01-23,27
NJ,2020-01-23,41.5
NG,2020-01-23,9
NK,2020-01-23,0
NL,2020-01-23,298
PH ,2020-01-23,0
NN,2020-01-22,359.0
NE,2020-01-22,91.0
ND,2020-01-22,87
PH,2020-01-22,431.0
PA,2020-01-22,150
PD,2020-01-22,158.0
NB,2020-01-22,62
PB,2020-01-22,136.5
PG,2020-01-22,103
NC,2020-01-22,300.0
NH,2020-01-22,22
PC,2020-01-22,5
NA,2020-01-22,57
PF,2020-01-22,24
PE,2020-01-22,133
PK,2020-01-22,144
NI,2020-01-22,11
NJ,2020-01-22,7
NG,2020-01-22,0
NK,2020-01-22,0
NL,2020-01-22,147
PH ,2020-01-22,0
NN,2020-01-21,148.0
NE,2020-01-21,49.5
ND,2020-01-21,46.5
PH,2020-01-21,409.5
PA,2020-01-21,164
PD,2020-01-21,72
NB,2020-01-21,66
PB,2020-01-21,52
PG,2020-01-21,60
NC,2020-01-21,168.0
NH,2020-01-21,13
PC,2020-01-21,0
NA,2020-01-21,14
PF,2020-01-21,9
PE,2020-01-21,61
PK,2020-01-21,124
NI,2020-01-21,0
NJ,2020-01-21,62
NG,2020-01-21,3
NK,2020-01-21,0
NL,2020-01-21,82.5
PH ,2020-01-21,0
NN,2020-01-20,54
NE,2020-01-20,15.5
ND,2020-01-20,44
PH,2020-01-20,102.5
PA,2020-01-20,48
PD,2020-01-20,98
NB,2020-01-20,-9
PB,2020-01-20,2.5
PG,2020-01-20,66.5
NC,2020-01-20,61
NH,2020-01-20,3
PC,2020-01-20,3
NA,2020-01-20,30.5
PF,2020-01-20,8
PE,2020-01-20,40
PK,2020-01-20,24
NI,2020-01-20,19
NJ,2020-01-20,12
NG,2020-01-20,0
NK,2020-01-20,0
NL,2020-01-20,41
PH ,2020-01-20,0
NN,2020-01-19,19
NE,2020-01-19,5.5
ND,2020-01-19,3
PH,2020-01-19,41
PA,2020-01-19,3
PD,2020-01-19,8
NB,2020-01-19,5
PB,2020-01-19,7
PG,2020-01-19,0
NC,2020-01-19,-4
NH,2020-01-19,0
PC,2020-01-19,10
NA,2020-01-19,0
PF,2020-01-19,6
PE,2020-01-19,7
PK,2020-01-19,5
NI,2020-01-19,-7
NJ,2020-01-19,0
NG,2020-01-19,0
NK,2020-01-19,0
NL,2020-01-19,13
PH ,2020-01-19,0
NN,2020-01-18,51
NE,2020-01-18,8
ND,2020-01-18,4
PH,2020-01-18,13
PA,2020-01-18,5
PD,2020-01-18,0
NB,2020-01-18,0
PB,2020-01-18,10
PG,2020-01-18,6
NC,2020-01-18,19
NH,2020-01-18,0
PC,2020-01-18,5
NA,2020-01-18,0
PF,2020-01-18,1
PE,2020-01-18,14
PK,2020-01-18,25
NI,2020-01-18,15
NJ,2020-01-18,0
NG,2020-01-18,0
NK,2020-01-18,0
NL,2020-01-18,15
PH ,2020-01-18,0
NN,2020-01-17,0
NE,2020-01-17,0
ND,2020-01-17,0
PH,2020-01-17,0
PA,2020-01-17,0
PD,2020-01-17,0
NB,2020-01-17,0
PB,2020-01-17,0
PG,2020-01-17,5
NC,2020-01-17,0
NH,2020-01-17,0
PC,2020-01-17,0
NA,2020-01-17,0
PF,2020-01-17,0
PE,2020-01-17,7
PK,2020-01-17,10
NI,2020-01-17,0
NJ,2020-01-17,7
NG,2020-01-17,0
NK,2020-01-17,0
NL,2020-01-17,0
PH ,2020-01-17,0
NN,2020-01-16,10
NE,2020-01-16,5
ND,2020-01-16,9
PH,2020-01-16,0
PA,2020-01-16,4
PD,2020-01-16,0
NB,2020-01-16,0
PB,2020-01-16,0
PG,2020-01-16,-9
NC,2020-01-16,5
NH,2020-01-16,0
PC,2020-01-16,0
NA,2020-01-16,0
PF,2020-01-16,0
PE,2020-01-16,0
PK,2020-01-16,0
NI,2020-01-16,0
NJ,2020-01-16,0
NG,2020-01-16,0
NK,2020-01-16,0
NL,2020-01-16,-7
PH ,2020-01-16,0
NN,2020-01-15,5
NE,2020-01-15,0
ND,2020-01-15,5
PH,2020-01-15,13.5
PA,2020-01-15,0
PD,2020-01-15,0
NB,2020-01-15,0
PB,2020-01-15,0
PG,2020-01-15,7
NC,2020-01-15,3
NH,2020-01-15,0
PC,2020-01-15,0
NA,2020-01-15,0
PF,2020-01-15,0
PE,2020-01-15,0
PK,2020-01-15,0
NI,2020-01-15,0
NJ,2020-01-15,0
NG,2020-01-15,0
NK,2020-01-15,0
NL,2020-01-15,0
PH ,2020-01-15,0
NN,2020-01-13,12
NE,2020-01-13,11
ND,2020-01-13,0
PH,2020-01-13,25
PA,2020-01-13,14
PD,2020-01-13,0
NB,2020-01-13,0
PB,2020-01-13,13
PG,2020-01-13,0
NC,2020-01-13,20
NH,2020-01-13,7
PC,2020-01-13,0
NA,2020-01-13,0
PF,2020-01-13,0
PE,2020-01-13,0
PK,2020-01-13,0
NI,2020-01-13,0
NJ,2020-01-13,0
NG,2020-01-13,0
NK,2020-01-13,0
NL,2020-01-13,5
PH ,2020-01-13,0
NN,2020-01-12,8
NE,2020-01-12,0
ND,2020-01-12,0
PH,2020-01-12,11
PA,2020-01-12,1
PD,2020-01-12,0
NB,2020-01-12,0
PB,2020-01-12,-0.5
PG,2020-01-12,5
NC,2020-01-12,0
NH,2020-01-12,0
PC,2020-01-12,0
NA,2020-01-12,0
PF,2020-01-12,0
PE,2020-01-12,0
PK,2020-01-12,5
NI,2020-01-12,0
NJ,2020-01-12,0
NG,2020-01-12,0
NK,2020-01-12,0
NL,2020-01-12,0
PH ,2020-01-12,0
NN,2020-01-11,17
NE,2020-01-11,8
ND,2020-01-11,0
PH,2020-01-11,18
PA,2020-01-11,11
PD,2020-01-11,10
NB,2020-01-11,10
PB,2020-01-11,0
PG,2020-01-11,5
NC,2020-01-11,41.5
NH,2020-01-11,0
PC,2020-01-11,0
NA,2020-01-11,0
PF,2020-01-11,0
PE,2020-01-11,28
PK,2020-01-11,10
NI,2020-01-11,0
NJ,2020-01-11,0
NG,2020-01-11,0
NK,2020-01-11,0
NL,2020-01-11,0
PH ,2020-01-11,0
NN,2020-01-10,2.5
NE,2020-01-10,0
ND,2020-01-10,0
PH,2020-01-10,0
PA,2020-01-10,0
PD,2020-01-10,0
NB,2020-01-10,0
PB,2020-01-10,0
PG,2020-01-10,0
NC,2020-01-10,0
NH,2020-01-10,3
PC,2020-01-10,0
NA,2020-01-10,0
PF,2020-01-10,0
PE,2020-01-10,5
PK,2020-01-10,0
NI,2020-01-10,0
NJ,2020-01-10,0
NG,2020-01-10,0
NK,2020-01-10,0
NL,2020-01-10,5
PH ,2020-01-10,0
NN,2020-01-08,3
NE,2020-01-08,-1
ND,2020-01-08,0
PH,2020-01-08,0
PA,2020-01-08,0
PD,2020-01-08,0
NB,2020-01-08,0
PB,2020-01-08,0
PG,2020-01-08,0
NC,2020-01-08,0
NH,2020-01-08,0
PC,2020-01-08,5
NA,2020-01-08,0
PF,2020-01-08,0
PE,2020-01-08,0
PK,2020-01-08,0
NI,2020-01-08,0
NJ,2020-01-08,0
NG,2020-01-08,0
NK,2020-01-08,0
NL,2020-01-08,0
PH ,2020-01-08,0
NN,2020-01-06,0
NE,2020-01-06,10
ND,2020-01-06,0
PH,2020-01-06,14
PA,2020-01-06,1
PD,2020-01-06,0
NB,2020-01-06,10
PB,2020-01-06,9.5
PG,2020-01-06,6
NC,2020-01-06,-12
NH,2020-01-06,0
PC,2020-01-06,0
NA,2020-01-06,14
PF,2020-01-06,6
PE,2020-01-06,-3
PK,2020-01-06,5
NI,2020-01-06,12
NJ,2020-01-06,0
NG,2020-01-06,0
NK,2020-01-06,0
NL,2020-01-06,10
PH ,2020-01-06,0
NN,2020-01-05,4
NE,2020-01-05,0
ND,2020-01-05,0
PH,2020-01-05,7
PA,2020-01-05,3
PD,2020-01-05,0
NB,2020-01-05,0
PB,2020-01-05,5
PG,2020-01-05,0
NC,2020-01-05,7
NH,2020-01-05,0
PC,2020-01-05,0
NA,2020-01-05,0
PF,2020-01-05,0
PE,2020-01-05,0
PK,2020-01-05,0
NI,2020-01-05,0
NJ,2020-01-05,0
NG,2020-01-05,0
NK,2020-01-05,0
NL,2020-01-05,0
PH ,2020-01-05,0
NN,2020-01-03,5
NE,2020-01-03,9
ND,2020-01-03,0
PH,2020-01-03,0.5
PA,2020-01-03,1
PD,2020-01-03,5
NB,2020-01-03,0
PB,2020-01-03,0
PG,2020-01-03,3
NC,2020-01-03,0
NH,2020-01-03,0
PC,2020-01-03,9
NA,2020-01-03,0
PF,2020-01-03,1
PE,2020-01-03,7
PK,2020-01-03,0
NI,2020-01-03,0
NJ,2020-01-03,0
NG,2020-01-03,0
NK,2020-01-03,0
NL,2020-01-03,0
PH ,2020-01-03,0
NN,2020-01-02,-1
NE,2020-01-02,0
ND,2020-01-02,0
PH,2020-01-02,3
PA,2020-01-02,-2
PD,2020-01-02,0
NB,2020-01-02,0
PB,2020-01-02,0
PG,2020-01-02,0
NC,2020-01-02,3
NH,2020-01-02,0
PC,2020-01-02,0
NA,2020-01-02,0
PF,2020-01-02,0
PE,2020-01-02,0
PK,2020-01-02,0
NI,2020-01-02,0
NJ,2020-01-02,0
NG,2020-01-02,0
NK,2020-01-02,0
NL,2020-01-02,9
PH ,2020-01-02,0
NN,2019-12-31,1
NE,2019-12-31,8
ND,2019-12-31,0
PH,2019-12-31,89
PA,2019-12-31,16
PD,2019-12-31,0
NB,2019-12-31,5
PB,2019-12-31,3
PG,2019-12-31,51
NC,2019-12-31,12
NH,2019-12-31,5
PC,2019-12-31,5
NA,2019-12-31,0
PF,2019-12-31,0
PE,2019-12-31,8
PK,2019-12-31,24.5
NI,2019-12-31,7
NJ,2019-12-31,0
NG,2019-12-31,0
NK,2019-12-31,0
NL,2019-12-31,10
PH ,2019-12-31,0
NN,2019-12-30,14
NE,2019-12-30,5
ND,2019-12-30,0
PH,2019-12-30,8
PA,2019-12-30,0
PD,2019-12-30,0
NB,2019-12-30,0
PB,2019-12-30,0
PG,2019-12-30,0
NC,2019-12-30,0
NH,2019-12-30,0
PC,2019-12-30,0
NA,2019-12-30,0
PF,2019-12-30,0
PE,2019-12-30,0
PK,2019-12-30,0
NI,2019-12-30,0
NJ,2019-12-30,0
NG,2019-12-30,0
NK,2019-12-30,0
NL,2019-12-30,0
PH ,2019-12-30,0
NN,2019-12-18,8
NE,2019-12-18,0
ND,2019-12-18,3
PH,2019-12-18,8
PA,2019-12-18,0
PD,2019-12-18,7
NB,2019-12-18,0
PB,2019-12-18,5
PG,2019-12-18,-5
NC,2019-12-18,5
NH,2019-12-18,0
PC,2019-12-18,0
NA,2019-12-18,0
PF,2019-12-18,0
PE,2019-12-18,3
PK,2019-12-18,-5
NI,2019-12-18,0
NJ,2019-12-18,0
NG,2019-12-18,0
NK,2019-12-18,0
NL,2019-12-18,0
PH ,2019-12-18,0
NN,2019-12-15,0
NE,2019-12-15,0
ND,2019-12-15,0
PH,2019-12-15,7
PA,2019-12-15,0
PD,2019-12-15,15
NB,2019-12-15,7
PB,2019-12-15,0
PG,2019-12-15,0
NC,2019-12-15,0
NH,2019-12-15,0
PC,2019-12-15,0
NA,2019-12-15,0
PF,2019-12-15,0
PE,2019-12-15,0
PK,2019-12-15,0
NI,2019-12-15,0
NJ,2019-12-15,0
NG,2019-12-15,0
NK,2019-12-15,0
NL,2019-12-15,0
PH ,2019-12-15,0
NN,2019-12-13,0
NE,2019-12-13,0
ND,2019-12-13,0
PH,2019-12-13,16
PA,2019-12-13,8
PD,2019-12-13,25
NB,2019-12-13,0
PB,2019-12-13,4
PG,2019-12-13,25
NC,2019-12-13,5
NH,2019-12-13,0
PC,2019-12-13,0
NA,2019-12-13,0
PF,2019-12-13,0
PE,2019-12-13,8
PK,2019-12-13,14
NI,2019-12-13,3
NJ,2019-12-13,0
NG,2019-12-13,0
NK,2019-12-13,0
NL,2019-12-13,0
PH ,2019-12-13,0
NN,2019-12-10,2.5
NE,2019-12-10,0
ND,2019-12-10,5
PH,2019-12-10,-9
PA,2019-12-10,0
PD,2019-12-10,0
NB,2019-12-10,0
PB,2019-12-10,0
PG,2019-12-10,-9
NC,2019-12-10,0
NH,2019-12-10,0
PC,2019-12-10,0
NA,2019-12-10,0
PF,2019-12-10,0
PE,2019-12-10,0
PK,2019-12-10,0
NI,2019-12-10,0
NJ,2019-12-10,0
NG,2019-12-10,0
NK,2019-12-10,0
NL,2019-12-10,15
PH ,2019-12-10,0
